season,sleeper_id,player_name,position,team,total_pts,pos_rank
2025,SEA,Seattle Seahawks,DEF,SEA,440.6,1
2025,HOU,Houston Texans,DEF,HOU,425.18,2
2025,4034,Christian McCaffrey,RB,SF,409.3,1
2025,6813,Jonathan Taylor,RB,IND,400.0,2
2025,DEN,Denver Broncos,DEF,DEN,392.28,3
2025,9509,Bijan Robinson,RB,ATL,391.1,3
2025,JAX,Jacksonville Jaguars,DEF,JAX,389.38,4
2025,9221,Jahmyr Gibbs,RB,DET,376.5,4
2025,MIN,Minnesota Vikings,DEF,MIN,375.56,5
2025,CLE,Cleveland Browns,DEF,CLE,373.06,6
2025,4984,Josh Allen,QB,BUF,365.3,1
2025,LAR,Los Angeles Rams,DEF,LAR,364.22,7
2025,8138,James Cook,RB,BUF,360.8,5
2025,421,Matthew Stafford,QB,LAR,355.05,2
2025,PHI,Philadelphia Eagles,DEF,PHI,351.5,8
2025,NE,New England Patriots,DEF,NE,348.36,9
2025,NO,New Orleans Saints,DEF,NO,347.76,10
2025,LAC,Los Angeles Chargers,DEF,LAC,345.86,11
2025,9488,Jaxon Smith-Njigba,WR,SEA,345.7,1
2025,ATL,Atlanta Falcons,DEF,ATL,344.66,12
2025,8130,Trey McBride,TE,ARI,344.3,1
2025,3198,Derrick Henry,RB,BAL,343.0,6
2025,PIT,Pittsburgh Steelers,DEF,PIT,340.04,13
2025,11564,Drake Maye,QB,NE,338.0,3
2025,9493,Puka Nacua,WR,LAR,336.1,2
2025,9226,De'Von Achane,RB,MIA,334.9,7
2025,BUF,Buffalo Bills,DEF,BUF,334.64,14
2025,CHI,Chicago Bears,DEF,CHI,331.22,15
2025,3294,Dak Prescott,QB,DAL,325.4,4
2025,DET,Detroit Lions,DEF,DET,317.18,16
2025,7523,Trevor Lawrence,QB,JAX,308.65,5
2025,TB,Tampa Bay Buccaneers,DEF,TB,307.0,17
2025,11560,Caleb Williams,QB,CHI,304.5,6
2025,KC,Kansas City Chiefs,DEF,KC,303.74,18
2025,IND,Indianapolis Colts,DEF,IND,302.92,19
2025,11563,Bo Nix,QB,DEN,302.15,7
2025,3163,Jared Goff,QB,DET,294.6,8
2025,BAL,Baltimore Ravens,DEF,BAL,293.46,20
2025,6904,Jalen Hurts,QB,PHI,290.27,9
2025,7547,Amon-Ra St. Brown,WR,DET,286.1,3
2025,7564,Ja'Marr Chase,WR,CIN,283.4,4
2025,9224,Chase Brown,RB,CIN,280.9,8
2025,CAR,Carolina Panthers,DEF,CAR,277.0,21
2025,MIA,Miami Dolphins,DEF,MIA,274.9,22
2025,7543,Travis Etienne,RB,NO,273.3,9
2025,8150,Kyren Williams,RB,LAR,271.92,10
2025,GB,Green Bay Packers,DEF,GB,271.7,23
2025,4046,Patrick Mahomes,QB,KC,267.45,10
2025,8137,George Pickens,WR,DAL,267.1,5
2025,LV,Las Vegas Raiders,DEF,LV,265.92,24
2025,6797,Justin Herbert,QB,LAC,264.05,11
2025,ARI,Arizona Cardinals,DEF,ARI,262.94,25
2025,4866,Saquon Barkley,RB,PHI,258.6,11
2025,7588,Javonte Williams,RB,DAL,257.5,12
2025,NYG,New York Giants,DEF,NYG,257.36,26
2025,CIN,Cincinnati Bengals,DEF,CIN,257.02,27
2025,12527,Ashton Jeanty,RB,LV,253.7,13
2025,TEN,Tennessee Titans,DEF,TEN,251.52,28
2025,4892,Baker Mayfield,QB,TB,249.85,12
2025,7021,Rico Dowdle,RB,PIT,246.88,14
2025,6790,D'Andre Swift,RB,CHI,244.5,15
2025,4943,Sam Darnold,QB,SEA,242.6,13
2025,5850,Josh Jacobs,RB,GB,240.9,16
2025,WAS,Washington Commanders,DEF,WAS,237.72,29
2025,6804,Jordan Love,QB,GB,237.55,14
2025,6949,Jordyn Brooks,LB,MIA,235.8,1
2025,8228,Jaylen Warren,RB,PIT,234.9,17
2025,7553,Kyle Pitts,TE,ATL,233.0,2
2025,SF,San Francisco 49ers,DEF,SF,230.84,30
2025,8155,Breece Hall,RB,NYJ,230.4,18
2025,12529,TreVeyon Henderson,RB,NE,227.56,19
2025,8144,Chris Olave,WR,NO,227.4,6
2025,10880,Jack Campbell,LB,DET,227.05,2
2025,5870,Daniel Jones,QB,IND,226.35,15
2025,6119,Devin White,LB,,225.75,3
2025,1233,Bobby Wagner,LB,,221.93,4
2025,7567,Kenny Gainwell,RB,TB,221.22,20
2025,12508,Jaxson Dart,QB,NYG,216.8,16
2025,DAL,Dallas Cowboys,DEF,DAL,216.16,31
2025,9997,Zay Flowers,WR,BAL,214.7,7
2025,1466,Travis Kelce,TE,KC,210.2,3
2025,12489,RJ Harvey,RB,DEN,209.92,21
2025,2747,Jason Myers,K,SEA,209.0,1
2025,8151,Kenneth Walker,RB,KC,207.9,22
2025,8148,Jameson Williams,WR,DET,207.5,8
2025,NYJ,New York Jets,DEF,NYJ,206.44,32
2025,11742,Cedric Gray,LB,TEN,205.47,5
2025,96,Aaron Rodgers,QB,PIT,205.1,17
2025,5967,Tony Pollard,RB,TEN,204.2,23
2025,3257,Jacoby Brissett,QB,ARI,203.4,18
2025,12518,Tyler Warren,TE,IND,203.3,4
2025,7569,Nico Collins,WR,HOU,203.3,9
2025,3451,Ka'imi Fairbairn,K,HOU,203.0,2
2025,9758,C.J. Stroud,QB,HOU,202.75,19
2025,9228,Bryce Young,QB,CAR,201.75,20
2025,8289,Aidan Hutchinson,DL,DET,200.7,1
2025,5859,A.J. Brown,WR,NE,199.0,10
2025,12506,Harold Fannin,TE,CLE,198.9,5
2025,5022,Dallas Goedert,TE,PHI,198.6,6
2025,11533,Brandon Aubrey,K,DAL,197.7,3
2025,11604,Brock Bowers,TE,LV,197.5,7
2025,4881,Lamar Jackson,QB,BAL,196.05,21
2025,3214,Hunter Henry,TE,NE,195.3,8
2025,2133,Davante Adams,WR,LAR,194.9,11
2025,8110,Jake Ferguson,TE,DAL,194.0,9
2025,10232,Michael Wilson,WR,ARI,193.8,12
2025,5843,Devin Bush,LB,CHI,193.6,6
2025,7648,Nick Bolton,LB,KC,192.5,7
2025,9753,Zach Charbonnet,RB,SEA,192.3,24
2025,7002,Juwan Johnson,TE,NO,191.7,10
2025,8112,Drake London,WR,ATL,190.6,13
2025,6786,CeeDee Lamb,WR,DAL,190.0,14
2025,7841,Jamien Sherwood,LB,NYJ,190.0,8
2025,5001,Dalton Schultz,TE,HOU,190.0,11
2025,5045,Courtland Sutton,WR,DEN,189.3,15
2025,8659,Nate Landman,LB,LAR,188.25,9
2025,6315,Tyrel Dodson,LB,MIA,188.15,10
2025,5332,Foyesade Oluokun,LB,JAX,187.5,11
2025,2449,Stefon Diggs,WR,,187.3,16
2025,12526,Tetairoa McMillan,WR,CAR,186.4,17
2025,6801,Tee Higgins,WR,CIN,185.7,18
2025,5944,Bobby Okereke,LB,,184.35,12
2025,12578,Carson Schwesinger,LB,CLE,184.15,13
2025,12512,Quinshon Judkins,RB,CLE,183.7,25
2025,10917,Byron Young,LB,LAR,183.0,14
2025,12517,Colston Loveland,TE,CHI,182.4,12
2025,8126,Wan'Dale Robinson,WR,TEN,182.14,19
2025,9487,Parker Washington,WR,JAX,181.24,20
2025,7136,Kam Curl,DB,LAR,180.0,1
2025,7611,Rhamondre Stevenson,RB,NE,179.7,26
2025,8183,Brock Purdy,QB,SF,179.45,22
2025,7672,Ernest Jones,LB,SEA,179.0,15
2025,4217,George Kittle,TE,SF,177.9,13
2025,12540,Chimere Dike,WR,TEN,177.84,21
2025,6815,Zack Baun,LB,PHI,177.75,16
2025,12514,Emeka Egbuka,WR,TB,175.6,22
2025,8142,Alec Pierce,WR,IND,175.1,23
2025,8259,Cameron Dicker,K,LAC,174.0,4
2025,10892,Will Anderson,DL,HOU,174.0,2
2025,4960,Roquan Smith,LB,BAL,173.07,17
2025,5892,David Montgomery,RB,HOU,172.15,27
2025,5872,Deebo Samuel,WR,,171.78,24
2025,7526,Jaylen Waddle,WR,DEN,171.0,25
2025,11786,Cam Little,K,JAX,171.0,5
2025,8359,Marcus Jones,DB,NE,170.65,2
2025,5846,DK Metcalf,WR,PIT,170.5,26
2025,11792,Will Reichard,K,MIN,170.0,6
2025,8392,Nick Cross,DB,WAS,169.75,3
2025,4413,Eric Wilson,LB,MIN,169.75,18
2025,6794,Justin Jefferson,WR,MIN,169.3,27
2025,7525,DeVonta Smith,WR,PHI,168.6,28
2025,10898,Tuli Tuipulotu,DL,LAC,168.28,3
2025,8280,Nik Bonitto,LB,DEN,167.0,19
2025,11655,Tyrone Tracy,RB,NYG,166.58,28
2025,5894,Germaine Pratt,LB,,166.22,20
2025,6650,Chase McLaughlin,K,TB,166.0,7
2025,4968,Tremaine Edmunds,LB,NYG,165.25,21
2025,1192,Lavonte David,LB,,164.82,22
2025,11705,Tykee Smith,DB,TB,164.0,4
2025,12533,Jacory Croskey-Merritt,RB,WAS,163.4,29
2025,11685,Kamari Lassiter,DB,HOU,163.0,5
2025,6302,Kaden Elliss,LB,NO,162.65,23
2025,12617,Demetrius Knight,LB,CIN,162.47,24
2025,6217,Blake Cashman,LB,MIN,162.0,25
2025,7811,Talanoa Hufanga,DB,DEN,162.0,6
2025,1052,Demario Davis,LB,NYJ,161.75,26
2025,8676,Rashid Shaheed,WR,SEA,161.54,29
2025,6819,Michael Pittman,WR,PIT,160.9,30
2025,12534,Kyle Monangai,RB,CHI,160.8,30
2025,5346,Zaire Franklin,LB,GB,160.0,27
2025,1945,Chris Boswell,K,PIT,159.0,8
2025,8266,Quay Walker,LB,LV,158.25,28
2025,11603,AJ Barner,TE,SEA,158.1,14
2025,6923,Geno Stone,DB,BUF,157.43,7
2025,12474,Woody Marks,RB,HOU,156.8,31
2025,4098,Kareem Hunt,RB,,156.4,32
2025,10930,Riley Moss,DB,DEN,156.0,8
2025,3233,Kevin Byard,DB,NE,155.78,9
2025,10980,SirVocea Dennis,LB,TB,155.5,29
2025,12591,Xavier Watts,DB,ATL,154.93,10
2025,7659,Tre'von Moehrig,DB,CAR,154.9,11
2025,11635,Ladd McConkey,WR,LAC,154.72,31
2025,11675,Kool-Aid McKinstry,DB,NO,154.5,12
2025,11539,Jake Bates,K,DET,154.0,9
2025,10949,Chamarri Conner,DB,KC,152.53,13
2025,4118,Alex Anzalone,LB,TB,152.1,30
2025,8333,Alontae Taylor,DB,TEN,151.53,14
2025,11665,Jared Verse,DL,CLE,151.25,4
2025,7346,Christian Rozeboom,LB,TB,151.0,31
2025,12713,Andy Borregales,K,NE,151.0,10
2025,11586,Blake Corum,RB,LAR,150.94,33
2025,8104,Dee Alford,DB,BUF,150.37,15
2025,11017,Dee Winters,LB,DAL,150.35,32
2025,10927,Jordan Battle,DB,CIN,150.15,16
2025,4227,Harrison Butker,K,KC,150.0,11
2025,9754,Quentin Johnston,WR,LAC,149.8,32
2025,12597,Nick Emmanwori,DB,SEA,149.75,17
2025,11678,Cooper DeJean,DB,PHI,149.3,18
2025,11647,Kimani Vidal,RB,LAC,148.88,34
2025,8917,KaVontae Turpin,WR,DAL,148.86,33
2025,11687,Edgerrin Cooper,LB,GB,147.75,33
2025,4971,Derwin James,DB,LAC,147.7,19
2025,7113,Alex Highsmith,LB,PIT,147.25,34
2025,10914,Daiyan Henley,LB,LAC,146.95,35
2025,8339,Kyle Hamilton,DB,BAL,146.5,20
2025,6807,Patrick Queen,LB,PIT,146.5,36
2025,11727,Payton Wilson,LB,PIT,145.93,37
2025,12493,Oronde Gadsden,TE,LAC,145.5,15
2025,2617,Alex Singleton,LB,DEN,145.5,38
2025,4983,DJ Moore,WR,BUF,145.2,34
2025,6788,Xavier McKinney,DB,GB,144.5,21
2025,11470,Drake Thomas,LB,SEA,144.45,39
2025,11584,Bucky Irving,RB,TB,144.3,35
2025,12545,Tyler Shough,QB,NO,144.1,23
2025,10236,Dalton Kincaid,TE,BUF,143.7,16
2025,1479,Keenan Allen,WR,,143.6,35
2025,4070,T.J. Watt,LB,PIT,143.32,40
2025,7049,Jauan Jennings,WR,MIN,143.3,36
2025,6528,Joey Slye,K,TEN,143.0,12
2025,12711,Tyler Loop,K,BAL,143.0,12
2025,5017,Jessie Bates,DB,ATL,142.85,22
2025,11610,Malik Washington,WR,MIA,142.8,37
2025,7640,Micah Parsons,LB,GB,142.75,41
2025,5012,Mark Andrews,TE,BAL,142.7,17
2025,11627,Troy Franklin,WR,DEN,142.6,38
2025,5189,Eddy Pineiro,K,SF,142.0,14
2025,10213,Tre Tucker,WR,LV,140.98,39
2025,11669,Laiatu Latu,DL,IND,140.97,5
2025,8408,Jordan Mason,RB,MIN,140.9,36
2025,6768,Tua Tagovailoa,QB,ATL,140.5,24
2025,4081,Budda Baker,DB,ARI,140.28,23
2025,11682,Cole Bishop,DB,BUF,139.9,24
2025,8134,Khalil Shakir,WR,BUF,139.76,40
2025,7016,Jeremy Chinn,DB,LV,139.5,25
2025,6888,Antoine Winfield,DB,TB,139.12,26
2025,8395,Dane Belton,DB,NYJ,138.7,27
2025,1339,Zach Ertz,TE,,138.4,18
2025,7839,Evan McPherson,K,CIN,138.0,15
2025,3678,Wil Lutz,K,DEN,138.0,15
2025,12507,Omarion Hampton,RB,LAC,137.6,37
2025,8121,Romeo Doubs,WR,NE,137.16,41
2025,6183,Andrew Van Ginkel,LB,MIN,137.0,42
2025,10955,Chad Ryland,K,ARI,136.0,17
2025,11058,Blake Grupe,K,IND,136.0,17
2025,2020,Cairo Santos,K,CHI,136.0,17
2025,6065,Cody Barton,LB,TEN,135.62,43
2025,6141,Drue Tranquill,LB,KC,135.5,44
2025,11597,Theo Johnson,TE,NYG,135.3,19
2025,6865,Colby Parkinson,TE,LAR,135.0,20
2025,7527,Mac Jones,QB,SF,134.55,25
2025,11667,Dallas Turner,LB,MIN,134.5,45
2025,8111,Cade Otton,TE,TB,134.3,21
2025,8329,Devin Lloyd,LB,CAR,134.18,46
2025,6485,Azeez Al-Shaair,LB,HOU,134.0,47
2025,650,Nick Folk,K,ATL,134.0,20
2025,7922,Riley Patterson,K,MIA,134.0,20
2025,6806,J.K. Dobbins,RB,DEN,133.6,38
2025,9484,Tucker Kraft,TE,GB,133.1,22
2025,7715,Cam Bynum,DB,IND,133.05,28
2025,5947,Jakobi Meyers,WR,JAX,132.8,42
2025,8210,Chig Okonkwo,TE,WAS,132.4,23
2025,10905,Brian Branch,DB,DET,132.25,29
2025,8136,Rachaad White,RB,WAS,132.2,39
2025,6799,Grant Delpit,DB,CLE,132.12,30
2025,7594,Chuba Hubbard,RB,CAR,131.62,40
2025,6301,Nick Scott,DB,CAR,131.5,31
2025,19,Joe Flacco,QB,CIN,130.55,26
2025,11620,Rome Odunze,WR,CHI,129.7,43
2025,1373,Geno Smith,QB,NYJ,129.55,27
2025,8132,Tyler Allgeier,RB,ARI,129.4,41
2025,5726,Robert Spillane,LB,NE,128.75,48
2025,8286,Dax Hill,DB,CIN,128.5,32
2025,7069,Alohi Gilman,DB,KC,128.38,33
2025,11676,Mike Sainristil,DB,WAS,127.95,34
2025,11700,Dru Phillips,DB,NYG,127.4,35
2025,8323,Jaquan Brisker,DB,PIT,127.3,36
2025,8314,Jalen Pitre,DB,HOU,126.95,37
2025,6711,Jalen Thompson,DB,DAL,126.5,38
2025,5908,Amani Hooker,DB,TEN,126.5,38
2025,9480,Brenton Strange,TE,JAX,126.4,24
2025,6214,Quincy Williams,LB,CLE,125.75,49
2025,8269,Jordan Davis,DL,PHI,125.75,6
2025,12522,Cam Ward,QB,TEN,125.35,28
2025,9506,Sean Tucker,RB,TB,125.08,42
2025,10229,Rashee Rice,WR,KC,124.8,44
2025,9756,Jordan Addison,WR,MIN,124.6,45
2025,5893,C.J. Gardner-Johnson,DB,BUF,124.5,40
2025,7600,Pat Freiermuth,TE,PIT,124.5,25
2025,6130,Devin Singletary,RB,NYG,124.42,43
2025,10974,Antonio Johnson,DB,JAX,123.67,41
2025,4963,Minkah Fitzpatrick,DB,NYJ,123.67,41
2025,7591,Justin Fields,QB,KC,123.65,29
2025,12481,Cam Skattebo,RB,NYG,123.4,44
2025,11352,Ronnie Hickman,DB,CLE,123.28,43
2025,6770,Joe Burrow,QB,CIN,123.25,30
2025,5580,Frankie Luvu,LB,WAS,123.0,50
2025,7647,Pete Werner,LB,NO,122.5,51
2025,10940,Nick Herbig,LB,PIT,122.28,52
2025,11726,Kamren Kinchens,DB,LAR,122.15,44
2025,8167,Christian Watson,WR,GB,121.5,46
2025,12519,Luther Burden,WR,CHI,121.22,47
2025,12646,Barrett Carter,LB,CIN,120.9,53
2025,8838,Isaiah Pola-Mao,DB,LV,120.4,45
2025,10970,Henry To'oTo'o,LB,HOU,120.25,54
2025,12605,Jacob Parrish,DB,TB,119.58,46
2025,4195,Jake Elliott,K,PHI,119.0,22
2025,12585,James Pearce,DL,ATL,118.92,7
2025,4967,Bradley Chubb,LB,BUF,118.8,55
2025,5844,T.J. Hockenson,TE,MIN,118.8,26
2025,2307,Marcus Mariota,QB,WAS,118.35,31
2025,5030,Harold Landry,LB,NE,118.25,56
2025,10921,Yaya Diaby,DL,TB,118.0,8
2025,11739,Evan Williams,DB,GB,117.5,47
2025,4199,Aaron Jones,RB,MIN,117.1,45
2025,5839,Rashan Gary,LB,DAL,116.75,57
2025,9494,Marvin Mims,WR,DEN,116.4,48
2025,5792,Jeremy Reaves,DB,WAS,116.2,48
2025,11261,Andre Szmyt,K,CLE,116.0,23
2025,10859,Sam LaPorta,TE,DET,115.9,27
2025,7726,Derrick Barnes,LB,DET,115.58,58
2025,6416,Andrew Wingard,DB,ARI,115.47,49
2025,12639,Malachi Moore,DB,NYJ,115.33,50
2025,7765,Jonathon Cooper,DL,DEN,115.0,9
2025,11710,Calen Bullock,DB,HOU,115.0,51
2025,6860,Akeem Davis-Gaither,LB,IND,115.0,59
2025,1433,Brandon McManus,K,,115.0,24
2025,12619,Jonas Sanker,DB,NO,114.9,52
2025,12490,Bhayshul Tuten,RB,JAX,113.96,46
2025,11435,Emanuel Wilson,RB,SEA,112.82,47
2025,5848,Marquise Brown,WR,PHI,112.8,49
2025,11559,Michael Penix,QB,ATL,112.7,32
2025,11631,Brian Thomas,WR,JAX,112.3,50
2025,8406,Reed Blankenship,DB,HOU,112.0,53
2025,6901,Joshua Metellus,DB,MIN,111.75,54
2025,10891,Devon Witherspoon,DB,SEA,111.33,55
2025,5906,Dawson Knox,TE,BUF,111.1,28
2025,8385,George Karlaftis,DL,KC,111.03,10
2025,9504,Kayshon Boutte,WR,NE,110.8,51
2025,8261,Jack Jones,DB,SF,110.67,56
2025,8330,Quentin Lake,DB,LAR,110.5,57
2025,12961,Ryan Fitzgerald,K,CAR,110.0,25
2025,10903,Quan Martin,DB,WAS,110.0,58
2025,8476,DaRon Bland,DB,DAL,109.7,59
2025,7635,Jaelan Phillips,LB,CAR,109.6,60
2025,6800,K'Lavon Chaisson,LB,WAS,109.35,61
2025,1213,Harrison Smith,DB,,109.28,60
2025,8364,Trent McDuffie,DB,LAR,109.05,61
2025,10881,Christian Gonzalez,DB,NE,109.0,62
2025,12484,Jayden Higgins,WR,HOU,107.9,52
2025,9500,Josh Downs,WR,IND,107.52,53
2025,4066,Evan Engram,TE,DEN,107.4,29
2025,6911,Brandon Jones,DB,DEN,107.25,63
2025,5095,Daniel Carlson,K,,107.0,26
2025,8373,Jaylen Watson,DB,LAR,106.85,64
2025,11783,Ryan Flournoy,WR,DAL,106.4,54
2025,17,Matt Prater,K,,106.0,27
2025,11575,Ray Davis,RB,BUF,105.62,48
2025,7685,Brandon Stephens,DB,NYJ,105.5,65
2025,8698,Jake Tonges,TE,SF,105.4,30
2025,11233,Ty Okada,DB,SEA,105.25,66
2025,10894,DJ Turner,DB,CIN,104.35,67
2025,11628,Marvin Harrison,WR,ARI,104.2,55
2025,8293,Coby Bryant,DB,CHI,104.08,68
2025,11668,Byron Murphy,DL,SEA,104.0,11
2025,12567,Malaki Starks,DB,BAL,103.72,69
2025,11842,Tatum Bethune,LB,SF,103.0,62
2025,8294,Bryan Cook,DB,CIN,102.5,70
2025,10913,Joey Porter,DB,PIT,102.5,70
2025,10219,Chris Rodriguez,RB,JAX,102.4,49
2025,11566,Jayden Daniels,QB,WAS,102.4,33
2025,4233,Zane Gonzalez,K,MIA,102.0,28
2025,6039,Ty Johnson,RB,BUF,102.0,50
2025,8487,Christian Benford,DB,BUF,101.65,72
2025,5036,Justin Reid,DB,NO,101.47,73
2025,7626,Odafe Oweh,LB,WAS,101.25,63
2025,8275,Josh Jobe,DB,SEA,101.25,74
2025,12536,Jaylin Noel,WR,HOU,100.76,56
2025,10875,Myles Murphy,DL,CIN,100.75,12
2025,4191,Matt Milano,LB,,100.75,64
2025,8180,Jalen Nailor,WR,LV,100.5,57
2025,7677,Divine Deablo,LB,ATL,100.5,65
2025,12640,Teddye Buchanan,LB,BAL,100.25,66
2025,5970,Greg Dortch,WR,DET,100.24,58
2025,8308,Derek Stingley,DB,HOU,100.2,75
2025,8122,Zonovan Knight,RB,ARI,100.14,51
2025,12566,Jihaad Campbell,LB,PHI,100.0,67
2025,11674,Tyler Nubin,DB,NYG,99.17,76
2025,12574,Abdul Carter,DL,NYG,98.92,13
2025,11565,J.J. McCarthy,QB,MIN,98.3,34
2025,7782,Isaiah McDuffie,LB,GB,98.0,68
2025,8680,Jack Gibbens,LB,ARI,98.0,68
2025,8311,Terrel Bernard,LB,BUF,97.6,70
2025,6783,Jerry Jeudy,WR,CLE,96.8,59
2025,6291,Donovan Wilson,DB,,96.53,77
2025,11731,Malik Mustapha,DB,SF,96.5,78
2025,11686,Javon Bullard,DB,GB,96.5,78
2025,3369,Elandon Roberts,LB,,96.0,71
2025,12498,Mason Taylor,TE,NYJ,95.5,31
2025,4035,Alvin Kamara,RB,NO,95.5,52
2025,8384,Zyon McCollum,DB,TB,95.47,80
2025,5927,Terry McLaurin,WR,WAS,95.4,60
2025,6083,Matt Gay,K,LV,95.0,29
2025,12502,Gunnar Helm,TE,TEN,94.8,32
2025,5960,T.J. Edwards,LB,CHI,94.6,72
2025,8305,Montaric Brown,DB,JAX,94.5,81
2025,9508,Tyjae Spears,RB,TEN,94.4,53
2025,4988,Nick Chubb,RB,,94.2,54
2025,6811,Kenneth Murray,LB,,94.0,73
2025,8188,Tyquan Thornton,WR,KC,93.9,61
2025,12614,Shemar James,LB,DAL,93.75,74
2025,1686,Tony Jefferson,DB,LAC,93.62,82
2025,10936,Ji'Ayir Brown,DB,SF,93.6,83
2025,4078,Adoree' Jackson,DB,,93.53,84
2025,5061,Uchenna Nwosu,LB,SEA,93.5,75
2025,12499,Elic Ayomanor,WR,TEN,93.4,62
2025,2505,Darren Waller,TE,,93.4,33
2025,4147,Samaje Perine,RB,CIN,93.3,55
2025,1166,Kirk Cousins,QB,LV,93.05,35
2025,4177,Mack Hollins,WR,NE,92.9,63
2025,11608,Isaiah Williams,WR,NYJ,92.52,64
2025,12469,Dylan Sampson,RB,CLE,92.2,56
2025,8267,Nakobe Dean,LB,LV,92.0,76
2025,7819,Deommodore Lenoir,DB,SF,91.75,85
2025,11827,Jonah Laulu,DL,LV,91.5,14
2025,7607,Michael Carter,RB,TEN,90.98,57
2025,6872,Kyle Dugger,DB,CIN,90.33,86
2025,11724,Trevin Wallace,LB,CAR,90.0,77
2025,4039,Cooper Kupp,WR,SEA,89.9,65
2025,6855,Ashtyn Davis,DB,SF,89.53,87
2025,12654,Craig Woodson,DB,NE,89.5,88
2025,6977,Justin Strnad,LB,DEN,89.28,78
2025,3156,Joey Bosa,LB,,88.5,79
2025,11624,Xavier Worthy,WR,KC,87.8,66
2025,8205,Isiah Pacheco,RB,DET,87.7,58
2025,871,Von Miller,LB,,87.5,80
2025,8400,Travis Jones,DL,BAL,87.5,15
2025,10899,Gervon Dexter,DL,CHI,87.5,15
2025,4144,Jonnu Smith,TE,,87.3,34
2025,11725,Jarrian Jones,DB,JAX,86.83,89
2025,4033,David Njoku,TE,LAC,86.5,35
2025,11637,Keon Coleman,WR,BUF,86.42,67
2025,11697,Renardo Green,DB,SF,86.0,90
2025,11562,Spencer Rattler,QB,NO,85.9,36
2025,6131,Mack Wilson,LB,ARI,85.72,81
2025,8381,Cobie Durant,DB,DAL,85.5,91
2025,9501,DeMario Douglas,WR,NE,85.4,68
2025,11743,Justin Eboigbe,DL,LAC,85.0,17
2025,9482,Michael Mayer,TE,LV,84.8,36
2025,12568,Jalon Walker,DL,ATL,84.75,18
2025,12140,Omar Speights,LB,LAR,84.5,82
2025,11771,Chau Smith-Wade,DB,CAR,84.28,92
2025,8376,Alex Wright,DL,CLE,84.25,19
2025,2036,Khalil Mack,LB,LAC,83.75,83
2025,10889,Tyree Wilson,LB,NO,83.5,84
2025,10888,Jalen Carter,DL,PHI,83.5,20
2025,11779,Tarheeb Still,DB,LAC,83.44,93
2025,3268,Eric Murray,DB,JAX,83.3,94
2025,6826,Cole Kmet,TE,CHI,83.0,37
2025,12015,Harrison Mevis,K,LAR,83.0,30
2025,11699,Jer'Zhan Newton,DL,WAS,82.5,21
2025,12562,Nic Scourton,DL,CAR,82.5,21
2025,11760,Austin Booker,DL,CHI,82.25,23
2025,8154,Brian Robinson,RB,ATL,82.02,59
2025,8374,Riq Woolen,DB,PHI,81.75,95
2025,10878,Deonte Banks,DB,NYG,81.38,96
2025,6880,Logan Wilson,LB,,81.0,85
2025,7921,Christian Elliss,LB,NE,81.0,85
2025,4454,Kendrick Bourne,WR,ARI,80.9,69
2025,10218,Xavier Hutchinson,WR,HOU,80.8,70
2025,9511,Keaton Mitchell,RB,LAC,80.54,60
2025,7666,Jevon Holland,DB,NYG,79.86,97
2025,11625,Adonai Mitchell,WR,NYJ,79.7,71
2025,8146,Garrett Wilson,WR,NYJ,79.4,72
2025,11638,Ricky Pearsall,WR,SF,79.2,73
2025,11571,Isaiah Davis,RB,NYJ,78.32,61
2025,10937,Jake Moody,K,WAS,78.0,31
2025,11744,Dadrion Taylor-Demerson,DB,ARI,77.95,98
2025,4993,Mike Gesicki,TE,CIN,77.9,38
2025,9479,Darnell Washington,TE,PIT,77.8,39
2025,12485,Tez Johnson,WR,TB,77.8,74
2025,10935,Trenton Simpson,LB,BAL,77.75,87
2025,11650,Luke McCaffrey,WR,WAS,77.46,75
2025,8310,Cor'Dale Flott,DB,TEN,77.2,99
2025,12530,Travis Hunter,WR,JAX,77.1,76
2025,6149,Darius Slayton,WR,NYG,77.1,76
2025,11734,Tyrice Knight,LB,SEA,76.5,88
2025,5857,Noah Fant,TE,NO,76.4,40
2025,3271,Tyler Higbee,TE,LAR,75.6,41
2025,2216,Mike Evans,WR,SF,75.3,78
2025,8265,Travon Walker,LB,JAX,74.75,89
2025,12455,Brashard Smith,RB,KC,74.66,62
2025,2330,Shaq Thompson,LB,,74.5,90
2025,6941,Troy Dye,LB,LAC,74.5,90
2025,12142,Jaylen McCollough,DB,LAR,74.5,100
2025,1343,Jordan Poyer,DB,,74.0,101
2025,12648,Cody Simon,LB,ARI,73.75,92
2025,12565,Will Johnson,DB,ARI,73.5,102
2025,6003,Anthony Nelson,LB,TB,73.08,93
2025,8362,Leo Chenal,LB,WAS,73.0,94
2025,12571,Mike Green,DL,BAL,72.75,24
2025,8860,Tony Adams,DB,TEN,72.0,103
2025,7637,Zaven Collins,LB,ARI,71.83,95
2025,5158,Dennis Gardeck,LB,JAX,71.75,96
2025,8125,Calvin Austin,WR,NYG,71.64,79
2025,11766,Jarvis Brownlee,DB,NYJ,71.0,104
2025,11646,Jalen Coker,WR,CAR,70.6,80
2025,9225,Tank Bigsby,RB,PHI,70.58,63
2025,5041,Fred Warner,LB,SF,70.5,97
2025,10226,Andrei Iosivas,WR,CIN,70.4,81
2025,12573,Mason Graham,DL,CLE,70.25,25
2025,8494,James Houston,LB,DAL,69.75,98
2025,8398,Jermaine Johnson,LB,TEN,69.5,99
2025,12604,Andrew Mukuba,DB,PHI,69.28,105
2025,6699,Gunner Olszewski,WR,NYG,69.03,82
2025,12556,Donovan Ezeiruaku,DL,DAL,69.0,26
2025,8172,Greg Dulcich,TE,MIA,68.8,42
2025,4037,Chris Godwin,WR,TB,68.7,83
2025,3634,Kalif Raymond,WR,CHI,68.68,84
2025,12524,Shedeur Sanders,QB,CLE,68.6,37
2025,11626,Xavier Legette,WR,CAR,68.4,85
2025,12535,Isaac TeSlaa,WR,DET,68.3,86
2025,7694,Tommy Tremble,TE,CAR,67.2,43
2025,12497,Tory Horton,WR,SEA,66.82,87
2025,4219,Jeremy McNichols,RB,WAS,66.76,64
2025,8225,Daniel Bellinger,TE,TEN,66.7,44
2025,5876,Julian Love,DB,SEA,65.65,106
2025,5849,Kyler Murray,QB,MIN,65.1,38
2025,13075,Myles Price,WR,MIN,65.08,88
2025,8368,Sam Williams,DL,DAL,65.0,27
2025,10214,Davis Allen,TE,LAR,64.9,45
2025,7090,Darnell Mooney,WR,NYG,64.6,89
2025,8131,Isaiah Likely,TE,NYG,64.5,46
2025,10932,Garrett Williams,DB,ARI,64.5,107
2025,3415,Jonathan Jones,DB,PHI,64.5,107
2025,11653,Charlie Smyth,K,NO,64.0,32
2025,8290,Sauce Gardner,DB,IND,64.0,109
2025,5995,Justice Hill,RB,BAL,63.92,65
2025,11168,Xavier Smith,WR,LAR,63.58,90
2025,11661,Terrion Arnold,DB,,63.5,110
2025,8270,Devonte Wyatt,DL,GB,63.5,28
2025,12476,Devin Neal,RB,NO,63.08,66
2025,11086,Ivan Pace,LB,MIN,63.0,100
2025,8496,Theo Jackson,DB,MIN,62.73,111
2025,3202,Austin Hooper,TE,ATL,62.7,47
2025,10231,Elijah Higgins,TE,ARI,62.6,48
2025,4238,Xavier Woods,DB,,62.27,112
2025,6271,Olamide Zaccheaus,WR,ATL,61.8,91
2025,12492,Pat Bryant,WR,DEN,61.7,92
2025,2353,Denzel Perryman,LB,LAC,61.5,101
2025,10984,Noah Sewell,LB,CHI,61.5,101
2025,11872,Thomas Harper,DB,DET,61.0,113
2025,7849,Charles Snowden,LB,DAL,60.45,103
2025,11199,Emari Demercado,RB,KC,60.34,67
2025,8168,Skyy Moore,WR,GB,59.92,93
2025,8380,Thomas Booker,DL,LV,59.5,29
2025,4224,Chuck Clark,DB,DET,59.5,114
2025,9486,Dontayvion Wicks,WR,PHI,59.4,94
2025,3200,Sterling Shepard,WR,,59.0,95
2025,5230,Michael Badgley,K,,59.0,33
2025,3161,Carson Wentz,QB,MIN,58.8,39
2025,8347,Eyioma Uwazurike,DL,DEN,58.75,30
2025,12673,Dante Trader,DB,MIA,58.5,115
2025,12185,Spencer Shrader,K,IND,58.0,34
2025,7585,Davis Mills,QB,HOU,57.95,40
2025,12495,Ollie Gordon,RB,MIA,57.9,68
2025,5071,DeShon Elliott,DB,PIT,57.9,116
2025,4063,Haason Reddick,LB,,57.75,104
2025,12611,Lathan Ransom,DB,CAR,57.62,117
2025,5973,Josh Oliver,TE,MIN,57.5,49
2025,10873,Nolan Smith,LB,PHI,57.5,105
2025,12668,Marques Sigle,DB,SF,57.5,118
2025,8147,John Metchie,WR,CAR,57.2,96
2025,4074,Malik Hooker,DB,DAL,57.0,119
2025,12501,Matthew Golden,WR,GB,56.72,97
2025,12641,Jaylin Lane,WR,WAS,56.5,98
2025,12547,Kyle Williams,WR,NE,56.5,98
2025,11643,Jaylen Wright,RB,MIA,56.2,69
2025,4381,Taysom Hill,TE,,56.15,50
2025,11600,Ja'Tavion Sanders,TE,CAR,56.1,51
2025,12658,Jackson Hawes,TE,BUF,56.1,51
2025,11778,Jordan Magee,LB,WAS,56.0,106
2025,8382,Kingsley Enagbare,DL,NYJ,56.0,31
2025,2374,Tyler Lockett,WR,,55.9,100
2025,11632,Malik Nabers,WR,NYG,55.8,101
2025,11677,Braden Fiske,DL,LAR,55.5,32
2025,8303,Roger McCreary,DB,DET,55.5,120
2025,6847,Devin Duvernay,WR,ARI,55.4,102
2025,8360,Logan Hall,DL,HOU,55.25,33
2025,4040,JuJu Smith-Schuster,WR,NYG,55.2,103
2025,7721,Chris Rumph,LB,NO,55.0,107
2025,5920,Will Harris,DB,WAS,55.0,121
2025,11836,Myles Harden,DB,CLE,55.0,121
2025,10957,Adetomiwa Adebawore,DL,IND,55.0,34
2025,6056,Dre Greenlaw,LB,SF,54.67,108
2025,7681,Baron Browning,LB,ARI,54.6,109
2025,11994,Kameron Johnson,WR,TB,54.54,104
2025,10923,Dorian Williams,LB,BUF,54.5,110
2025,11807,Darius Muasau,LB,NYG,54.5,110
2025,8325,Arnold Ebiketie,DL,PHI,54.5,35
2025,12557,Jahdae Barron,DB,DEN,54.5,123
2025,1426,DeAndre Hopkins,WR,,54.3,105
2025,2130,Kyle Van Noy,LB,,54.27,112
2025,12487,Terrance Ferguson,TE,LAR,54.1,53
2025,8161,Malik Willis,QB,MIA,54.1,41
2025,10228,Charlie Jones,WR,CIN,53.96,106
2025,11789,Joshua Karty,K,,53.8,35
2025,11728,Jaden Hicks,DB,KC,53.75,124
2025,8343,Boye Mafe,DL,CIN,53.5,36
2025,6853,Van Jefferson,WR,WAS,53.1,107
2025,10943,Isaiah McGuire,DL,CLE,53.0,37
2025,11834,Devaughn Vele,WR,NO,52.8,108
2025,12544,LeQuint Allen,RB,JAX,52.78,70
2025,12584,Darien Porter,DB,LV,52.5,125
2025,6218,E.J. Speed,LB,HOU,52.5,113
2025,9481,Luke Musgrave,TE,GB,52.3,54
2025,8355,Kayvon Thibodeaux,DL,NYG,52.25,38
2025,12509,Tre' Harris,WR,LAC,51.6,109
2025,11570,Rasheen Ali,RB,BAL,51.52,71
2025,12588,Kevin Winston,DB,TEN,51.5,126
2025,7671,Benjamin St-Juste,DB,GB,51.5,126
2025,2749,Raheem Mostert,RB,,51.32,72
2025,7698,Andre Cisco,DB,NYJ,51.0,128
2025,9757,Kendre Miller,RB,NO,50.72,73
2025,8800,Malik Davis,RB,DAL,50.6,74
2025,12473,Mitchell Evans,TE,CAR,50.4,55
2025,10925,Byron Young,DL,PHI,50.25,39
2025,2359,Ameer Abdullah,RB,JAX,50.22,75
2025,12593,Jack Sawyer,DL,PIT,49.77,40
2025,8367,D'Marco Jackson,LB,CHI,49.5,114
2025,5025,Ronnie Harrison,DB,MIA,49.5,129
2025,10444,Cedric Tillman,WR,CLE,49.4,110
2025,12482,Savion Williams,WR,GB,49.28,111
2025,11691,T'Vondre Sweat,DL,NYJ,49.0,41
2025,2308,Dante Fowler,LB,SEA,49.0,115
2025,5409,Tanner Hudson,TE,CIN,48.9,56
2025,11688,Kris Jenkins,DL,CIN,48.75,42
2025,12564,Kenneth Grant,DL,MIA,48.5,43
2025,6869,Adam Trautman,TE,DEN,48.5,57
2025,8145,Jeremy Ruckert,TE,NYJ,48.1,58
2025,11577,Will Shipley,RB,PHI,48.08,76
2025,11350,Mohamoud Diabate,LB,TEN,48.0,116
2025,8670,Parker Romo,K,,48.0,36
2025,12503,Isaiah Bond,WR,CLE,47.76,112
2025,12581,Darius Alexander,DL,NYG,47.75,44
2025,12531,Trevor Etienne,RB,CAR,47.74,77
2025,12561,Derrick Harmon,DL,PIT,47.5,45
2025,11617,Malachi Corley,WR,CLE,47.48,113
2025,12486,Dillon Gabriel,QB,CLE,47.35,42
2025,12647,Billy Bowman,DB,ATL,47.25,130
2025,8296,Kaiir Elam,DB,KC,47.23,131
2025,3321,Tyreek Hill,WR,,47.16,114
2025,11579,Audric Estime,RB,NO,47.0,78
2025,12559,Shavon Revel,DB,DAL,47.0,132
2025,11042,Carrington Valentine,DB,GB,47.0,132
2025,11658,Darius Robinson,DL,ARI,47.0,46
2025,1234,Russell Wilson,QB,,46.95,43
2025,3174,Leonard Floyd,LB,,46.75,117
2025,8399,Markquese Bell,DB,DAL,46.6,134
2025,11693,Max Melton,DB,ARI,46.5,135
2025,827,Tyrod Taylor,QB,GB,46.15,44
2025,7571,Rashod Bateman,WR,BAL,45.5,115
2025,12595,Trey Amos,DB,WAS,45.5,136
2025,11623,Jordan Whittington,WR,LAR,45.16,116
2025,3286,Demarcus Robinson,WR,SF,45.1,117
2025,4950,Christian Kirk,WR,SF,44.6,118
2025,2306,Jameis Winston,QB,NYG,44.25,45
2025,4351,Tim Patrick,WR,NYJ,44.2,119
2025,8143,Jerome Ford,RB,WAS,43.66,79
2025,8119,Jahan Dotson,WR,ATL,43.32,120
2025,8348,Kerby Joseph,DB,DET,43.02,137
2025,11629,Devontez Walker,WR,BAL,43.0,121
2025,2197,Brandin Cooks,WR,,43.0,121
2025,12576,Benjamin Morrison,DB,TB,43.0,138
2025,6848,Anfernee Jennings,LB,NO,43.0,118
2025,8208,Tyler Badie,RB,DEN,42.88,80
2025,4981,Calvin Ridley,WR,TEN,42.6,123
2025,7587,Dyami Brown,WR,WAS,42.54,124
2025,10947,Ventrell Miller,LB,JAX,42.5,119
2025,8204,Bo Melton,WR,GB,42.48,125
2025,12552,Walter Nolen,DL,ARI,42.17,47
2025,6111,Jake Browning,QB,TB,41.55,46
2025,10962,Kelee Ringo,DB,PHI,41.5,139
2025,6867,Malik Harrison,LB,PIT,41.5,120
2025,6154,David Sills,WR,TB,41.3,126
2025,5056,Jerome Baker,LB,,41.25,121
2025,7828,Noah Gray,TE,KC,41.2,59
2025,7670,Joshua Palmer,WR,BUF,41.1,127
2025,12596,Maxwell Hairston,DB,BUF,41.02,140
2025,6610,Demetrius Flannigan-Fowles,LB,BUF,41.0,122
2025,12712,Marcus Harris,DB,TEN,41.0,141
2025,11320,Nikko Remigio,WR,KC,40.98,128
2025,3269,Chris Moore,WR,BAL,40.38,129
2025,6946,Myles Bryant,DB,CLE,40.0,142
2025,6145,Juan Thornhill,DB,,40.0,142
2025,503,Graham Gano,K,,40.0,37
2025,8117,Jalen Tolbert,WR,MIA,39.7,130
2025,8276,Jalyn Armour-Davis,DB,,39.5,144
2025,8383,Cameron Thomas,DL,ATL,39.25,48
2025,10985,Jordan Howden,DB,NO,39.15,145
2025,12694,RJ Mickens,DB,LAC,39.12,146
2025,6179,Jahlani Tavai,LB,,39.0,123
2025,5328,Tremon Smith,DB,HOU,38.9,147
2025,8127,Charlie Kolar,TE,LAC,38.7,60
2025,6427,Ashton Dulin,WR,IND,38.44,131
2025,12521,Elijah Arroyo,TE,SEA,38.4,61
2025,10222,Jayden Reed,WR,GB,38.24,132
2025,6945,Antonio Gibson,RB,,38.18,81
2025,11377,Tyrell Shavers,WR,BUF,38.0,133
2025,12132,Josh Wallace,DB,LAR,37.9,148
2025,7891,Brock Wright,TE,DET,37.9,62
2025,12610,Princely Umanmielen,DL,CAR,37.75,49
2025,12048,George Holani,RB,SEA,37.28,82
2025,11237,Jacob Saylors,RB,DET,37.18,83
2025,12650,Danny Stutsman,LB,NO,37.0,124
2025,12601,Azareye'h Thomas,DB,NYJ,37.0,149
2025,7612,Dee Eskridge,WR,,36.84,134
2025,11574,Dylan Laube,RB,LV,36.8,84
2025,10885,Lukas Van Ness,DL,GB,36.75,50
2025,12717,Trikweze Bridges,DB,DAL,36.67,150
2025,8363,Jack Sanborn,LB,CHI,36.5,125
2025,8020,Curtis Robinson,LB,DAL,36.5,125
2025,7720,Kene Nwangwu,RB,NYJ,36.36,85
2025,8375,Kalia Davis,DL,CLE,36.25,51
2025,11679,Chris Braswell,LB,TB,36.0,127
2025,13107,Johnathan Edwards,DB,IND,36.0,151
2025,7083,Tyler Huntley,QB,BAL,35.8,47
2025,11299,Zavier Scott,RB,MIN,35.5,86
2025,4180,Rayshawn Jenkins,DB,,35.23,152
2025,12666,Kiko Mauigoa,LB,NYJ,35.0,128
2025,8316,Micheal Clemons,DL,IND,35.0,52
2025,11588,Jawhar Jordan,RB,HOU,34.8,87
2025,5031,Oren Burks,LB,CIN,34.5,129
2025,6220,Cole Holcomb,LB,PIT,34.5,129
2025,10988,Cameron Mitchell,DB,IND,34.5,153
2025,2501,Quandre Diggs,DB,,34.0,154
2025,8341,Cam Taylor-Britt,DB,IND,34.0,154
2025,11439,Jaleel McLaughlin,RB,DEN,33.82,88
2025,10904,Keion White,DL,SF,33.75,53
2025,12971,Ke'Shawn Williams,WR,CIN,33.5,135
2025,7023,Willie Gay,LB,MIA,33.5,131
2025,12554,Tyleik Williams,DL,DET,33.5,54
2025,12590,Alfred Collins,DL,SF,33.5,54
2025,11589,Trey Benson,RB,ARI,33.48,89
2025,3976,Mitchell Trubisky,QB,TEN,33.15,48
2025,8181,Connor Heyward,TE,LV,33.1,63
2025,10926,Marte Mapu,DB,HOU,33.0,156
2025,11371,Julian Hill,TE,NE,33.0,64
2025,7535,Hunter Long,TE,JAX,32.8,65
2025,11762,Anthony Gould,WR,IND,32.52,136
2025,6001,Drew Sample,TE,CIN,32.5,66
2025,4054,Mo Alie-Cox,TE,IND,32.4,67
2025,4198,Jamal Agnew,WR,,32.2,137
2025,4666,Younghoe Koo,K,,32.0,38
2025,6921,Josh Uche,LB,MIA,32.0,132
2025,11847,James Williams,DB,TEN,32.0,157
2025,13066,Ben Sauls,K,NYG,32.0,38
2025,2327,Bud Dupree,LB,LAC,32.0,132
2025,11630,Roman Wilson,WR,PIT,31.9,138
2025,12483,Jack Bech,WR,LV,31.9,138
2025,8391,Dominique Robinson,DL,HOU,31.75,56
2025,4137,James Conner,RB,ARI,31.7,90
2025,4992,Dante Pettis,WR,,31.5,140
2025,6839,Jaylon Johnson,DB,CHI,31.5,158
2025,2343,Preston Smith,LB,,31.25,134
2025,7537,Jaret Patterson,RB,LAC,31.16,91
2025,11770,JD Bertrand,LB,ATL,31.0,135
2025,8271,Derion Kendrick,DB,DAL,31.0,159
2025,12602,Mykel Williams,DL,SF,30.5,57
2025,11720,Marist Liufau,LB,DAL,30.5,136
2025,5883,Lonnie Johnson,DB,MIA,30.5,160
2025,11765,Kris Abrams-Draine,DB,DEN,30.5,160
2025,6960,Tyler Johnson,WR,DAL,30.5,141
2025,7842,Luke Farrell,TE,SF,30.4,68
2025,12542,Efton Chism,WR,NE,30.02,142
2025,5882,Taylor Rapp,DB,,30.0,162
2025,12670,KeAndre Lambert-Smith,WR,LAC,29.82,143
2025,11305,Claudin Cherelus,LB,CAR,29.5,137
2025,10933,DeMarvion Overshown,LB,DAL,29.5,137
2025,11895,Mason Tipton,WR,NO,29.32,144
2025,6928,Kindle Vildor,DB,NE,29.32,163
2025,11596,Ben Sinnott,TE,WAS,29.3,69
2025,10871,Luke Schoonmaker,TE,DAL,29.3,69
2025,12720,Zeek Biggers,DL,MIA,29.25,58
2025,7716,John Bates,TE,WAS,29.2,71
2025,7562,Tutu Atwell,WR,MIA,29.1,145
2025,12115,Dell Pettus,DB,NE,29.0,164
2025,1689,Adam Thielen,WR,,28.2,146
2025,12470,Riley Leonard,QB,IND,28.15,49
2025,12500,Quinn Ewers,QB,MIA,28.0,50
2025,11618,Jalen McMillan,WR,TB,27.8,147
2025,6151,Miles Sanders,RB,,27.62,92
2025,11370,Chris Brooks,RB,GB,27.6,93
2025,10939,Jay Ward,DB,MIN,27.5,165
2025,11000,Zaire Barnes,LB,NYG,27.5,139
2025,5955,Hunter Renfrow,WR,,27.42,148
2025,4082,Curtis Samuel,WR,,27.32,149
2025,11068,Mitch Tinsley,WR,CIN,27.2,150
2025,12679,Jordan Phillips,DL,MIA,27.0,59
2025,10919,Sydney Brown,DB,ATL,27.0,166
2025,6284,Marcus Epps,DB,PHI,27.0,166
2025,5938,Lil'Jordan Humphrey,WR,DEN,26.8,151
2025,10958,Dylan Horton,DL,HOU,26.75,60
2025,12457,Jaydon Blue,RB,DAL,26.48,94
2025,4995,Ian Thomas,TE,LV,26.1,72
2025,11019,Erick Hallett,DB,TEN,26.0,168
2025,8500,John FitzPatrick,TE,,25.5,73
2025,11893,Isaiah Stalbird,LB,NO,25.5,140
2025,11052,Jaylon Jones,DB,IND,25.5,169
2025,6943,Gabe Davis,WR,,25.2,152
2025,8200,Kevin Austin,WR,NO,25.2,152
2025,6588,Tom Kennedy,WR,DET,25.08,154
2025,5055,M.J. Stewart,DB,HOU,25.0,170
2025,11018,Christian Braswell,DB,JAX,25.0,170
2025,11014,Kei'Trel Clark,DB,ARI,25.0,170
2025,6210,Darnell Savage,DB,PIT,25.0,170
2025,11769,Caelen Carson,DB,DAL,25.0,170
2025,11694,Marshawn Kneeland,DL,,25.0,61
2025,8135,Treylon Burks,WR,WAS,24.88,155
2025,11593,Brevyn Spann-Ford,TE,DAL,24.6,74
2025,12579,Jordan Burch,DL,ARI,24.5,62
2025,11427,Christian Izien,DB,DET,24.5,175
2025,331,Philip Rivers,QB,,24.5,51
2025,8397,Juanyeh Thomas,DB,IND,24.0,176
2025,260,Josh Johnson,QB,CIN,23.8,52
2025,7596,Elijah Moore,WR,PHI,23.8,156
2025,12860,Theo Wease,WR,MIA,23.8,156
2025,4314,Johnny Mundt,TE,PHI,23.7,75
2025,4080,Zay Jones,WR,,23.6,158
2025,5086,Marquez Valdes-Scantling,WR,DAL,23.6,158
2025,7039,Cody White,WR,SEA,23.44,160
2025,4718,Dare Ogunbowale,RB,,23.35,95
2025,8177,Grant Calcaterra,TE,PHI,23.2,76
2025,13079,Jahdae Walker,WR,CHI,23.1,161
2025,12612,T.J. Sanders,DL,BUF,23.0,63
2025,12523,Jimmy Horn,WR,CAR,22.9,162
2025,7014,Joe Bachie,LB,DET,22.5,141
2025,11066,Austin Ajiake,LB,IND,22.25,142
2025,8195,Ronnie Rivers,RB,LAR,22.22,96
2025,10234,Derius Davis,WR,LAC,22.14,163
2025,5010,Will Dissly,TE,,22.1,77
2025,11599,Cade Stover,TE,HOU,22.1,77
2025,6268,Matthew Wright,K,,22.0,40
2025,12560,Shemar Stewart,DL,CIN,22.0,64
2025,6144,Trayveon Williams,RB,,21.78,97
2025,11157,Brycen Tremayne,WR,CAR,21.6,164
2025,6920,Isaiah Hodgins,WR,NYG,21.5,165
2025,6348,Del'Shawn Phillips,LB,LAC,21.5,143
2025,12900,Danny Striggow,DL,JAX,21.25,65
2025,12472,Raheim Sanders,RB,CLE,21.2,98
2025,8932,Lucas Havrisik,K,GB,21.0,41
2025,11730,T.J. Tampa,DB,BAL,21.0,177
2025,12718,Konata Mumpfield,WR,LAR,20.7,166
2025,3303,Matthew Judon,LB,,20.5,144
2025,8139,Zamir White,RB,,20.16,99
2025,7815,K.J. Britt,LB,NE,20.0,145
2025,11576,Braelon Allen,RB,NYJ,19.9,100
2025,7268,Krys Barnes,LB,,19.75,146
2025,6323,Andrew Beck,RB,NYJ,19.5,101
2025,10969,Owen Pappoe,LB,ARI,19.5,147
2025,7036,Terrell Burgess,DB,NO,19.5,178
2025,12412,Terrell Jennings,RB,NE,19.26,102
2025,7120,Trevis Gipson,LB,CAR,19.0,148
2025,12587,Joshua Farmer,DL,NE,19.0,66
2025,12541,Dont'e Thornton,WR,LV,19.0,167
2025,12397,Joe Andreessen,LB,BUF,19.0,148
2025,2427,Za'Darius Smith,LB,,18.75,150
2025,5133,Tyler Conklin,TE,DET,18.7,79
2025,8849,Tanner Conner,TE,NYG,18.7,79
2025,12504,Kaleb Johnson,RB,PIT,18.6,103
2025,7757,Ben Skowronek,WR,PIT,18.5,168
2025,8527,Dareke Young,WR,LV,18.48,169
2025,7536,Quintin Morris,TE,JAX,18.4,81
2025,7012,Mykal Walker,LB,NYJ,18.0,151
2025,7625,Joe Tryon-Shoyinka,LB,,18.0,151
2025,4171,Josh Reynolds,WR,,18.0,170
2025,7946,Jack Stoll,TE,CLE,18.0,82
2025,5959,Mike Edwards,DB,,18.0,179
2025,11761,Tommy Eichenberg,LB,LV,18.0,151
2025,11240,C.J. Okoye,DL,BAL,18.0,67
2025,8253,Deven Thompkins,WR,,17.9,171
2025,12704,Warren Brinson,DL,GB,17.75,68
2025,12710,Jaylen Reed,DB,HOU,17.73,180
2025,12543,Tahj Brooks,RB,CIN,17.72,104
2025,8618,Marcelino McCrary-Ball,LB,NYJ,17.5,154
2025,6419,P.J. Locke,DB,DAL,17.5,181
2025,10906,JuJu Brents,DB,MIA,17.5,181
2025,12269,Brandon Codrington,DB,HOU,17.32,183
2025,12636,Que Robinson,LB,DEN,17.25,155
2025,11433,Nate Adkins,TE,DEN,17.2,83
2025,8123,Hassan Haskins,RB,,17.18,105
2025,7595,Tylan Wallace,WR,CLE,17.02,172
2025,5185,Allen Lazard,WR,,17.0,173
2025,7053,Daniel Thomas,DB,CLE,17.0,184
2025,8331,Otito Ogbonnia,DL,DAL,16.75,69
2025,7970,Ar'Darius Washington,DB,NYG,16.5,185
2025,3222,Deion Jones,LB,,16.5,156
2025,6612,Luke Gifford,LB,SF,16.5,156
2025,8365,Kyler Gordon,DB,CHI,16.5,185
2025,11752,Jeremiah Trotter,LB,PHI,16.5,156
2025,11185,Kendell Brooks,DB,TEN,16.5,185
2025,7496,Nick Westbrook-Ikhine,WR,IND,16.3,174
2025,12736,Kitan Crawford,DB,ARI,16.0,188
2025,12699,LaJohntay Wester,WR,BAL,15.76,175
2025,6353,Troy Reeder,LB,,15.5,159
2025,12603,Cobee Bryant,DB,ATL,15.5,189
2025,11395,Keidron Smith,DB,NYJ,15.5,189
2025,8517,Rodney Thomas,LB,SEA,15.4,160
2025,6931,DeeJay Dallas,RB,JAX,15.24,106
2025,8542,Tristin McCollum,DB,LV,15.0,191
2025,8710,Jack Cochrane,LB,KC,15.0,161
2025,11230,Patrick O'Connell,LB,SEA,15.0,161
2025,7936,Amen Ogbongbemiga,LB,,15.0,161
2025,8332,Matthew Butler,DL,MIA,15.0,70
2025,13101,Gage Larvadain,WR,CLE,14.98,176
2025,9220,Evan Hull,RB,HOU,14.86,107
2025,5096,Ray-Ray McCloud,WR,,14.84,177
2025,8795,D'Anthony Bell,DB,SEA,14.75,192
2025,11633,Jamari Thrash,WR,CLE,14.7,178
2025,10212,Josh Whyle,TE,GB,14.6,84
2025,3215,Xavien Howard,DB,,14.55,193
2025,11348,Trevor Nowaske,LB,DET,14.5,164
2025,11193,Brenton Cox,LB,GB,14.5,164
2025,8342,Esezi Otomewo,DL,PIT,14.5,71
2025,8583,Stone Smartt,TE,PHI,14.5,85
2025,12583,Oluwafemi Oladejo,DL,TEN,14.5,71
2025,4435,Anthony Firkser,TE,WAS,14.5,85
2025,11034,Jalen Brooks,WR,ARI,14.46,179
2025,8287,David Ojabo,DL,MIA,14.25,73
2025,11421,Ryan Miller,WR,NYG,14.2,180
2025,11027,Alex Austin,DB,MIA,14.0,194
2025,4972,Mason Rudolph,QB,PIT,14.0,53
2025,12031,Leonard Taylor,DL,NE,14.0,74
2025,11257,Shedrick Jackson,WR,LV,13.6,181
2025,11306,Xavier Gipson,WR,NYG,13.6,181
2025,12357,David Martin-Robinson,TE,TEN,13.6,87
2025,8274,LaBryan Ray,DL,CAR,13.5,75
2025,8334,Malcolm Rodriguez,LB,DET,13.5,166
2025,8309,Damone Clark,LB,DET,13.5,166
2025,11712,Ty'Ron Hopper,LB,GB,13.5,166
2025,7602,Kylen Granson,TE,TEN,13.3,88
2025,2750,DeAndre Carter,WR,,13.2,183
2025,5985,Foster Moreau,TE,HOU,13.2,89
2025,8295,Zach Carter,DL,ARI,13.0,76
2025,8262,DJ Davidson,DL,WAS,13.0,76
2025,12855,Alijah Clark,DB,DAL,13.0,195
2025,7075,Charlie Woerner,TE,ATL,13.0,90
2025,12594,JT Tuimoloau,DL,IND,13.0,76
2025,9497,Jalin Hyatt,WR,NYG,12.94,184
2025,13150,Darius Cooper,WR,PHI,12.8,185
2025,8489,Drew Ogletree,TE,IND,12.8,91
2025,8414,Britain Covey,WR,PHI,12.76,186
2025,6947,K'Von Wallace,DB,BAL,12.5,196
2025,12471,DJ Giddens,RB,IND,12.2,108
2025,8230,Ty Chandler,RB,NO,12.06,109
2025,8481,Ja'Sir Taylor,DB,CIN,12.0,197
2025,12385,Jude McAtamney,K,,12.0,42
2025,4091,Marcus Williams,DB,,12.0,197
2025,11806,Casey Washington,WR,,11.8,187
2025,8076,Michael Bandy,WR,DEN,11.76,188
2025,12539,Arian Smith,WR,NYJ,11.66,189
2025,7746,Austin Trammell,WR,JAX,11.56,190
2025,11921,Xavier Weaver,WR,ARI,11.54,191
2025,10963,Jakorian Bennett,DB,PHI,11.5,199
2025,4663,Austin Ekeler,RB,,11.5,110
2025,12923,Jordan Clark,DB,NYJ,11.5,199
2025,6105,Joe Giles-Harris,LB,CIN,11.5,169
2025,12374,Brenden Bates,TE,CLE,11.4,92
2025,11474,Dylan Drummond,WR,ATL,11.4,192
2025,7050,Josiah Deguara,TE,,11.3,93
2025,7528,Najee Harris,RB,,11.3,111
2025,6290,Scotty Miller,WR,CHI,11.16,193
2025,8423,Brittain Brown,RB,CHI,11.12,112
2025,7233,Andre Baccellia,WR,,11.04,194
2025,8278,Christian Harris,LB,ATL,11.0,170
2025,12702,Rayuan Lane,DB,JAX,11.0,201
2025,11210,Malik Heath,WR,ATL,11.0,195
2025,12607,Jamon Johnson,LB,,11.0,170
2025,11816,Javontae Jean-Baptiste,DL,WAS,11.0,79
2025,8223,Velus Jones,WR,SEA,10.92,196
2025,11557,Joe Milton,QB,DAL,10.85,54
2025,12496,Tai Felton,WR,MIN,10.82,197
2025,6402,Steven Sims,WR,,10.72,198
2025,7770,Patrick Johnson,LB,,10.5,172
2025,13049,Alijah Huzzie,DB,HOU,10.5,202
2025,12661,Jordan Hancock,DB,BUF,10.5,202
2025,13000,Shaun Dolac,LB,LAR,10.5,172
2025,12238,Eric Watts,DL,NYJ,10.5,80
2025,9230,Tanner McKee,QB,PHI,10.5,55
2025,8578,Raheem Layne,DB,NYG,10.5,202
2025,8273,Phidarian Mathis,DL,BUF,10.5,80
2025,5121,Braxton Berrios,WR,NYG,10.34,199
2025,4234,Noah Brown,WR,,10.3,200
2025,12738,Phil Mafah,RB,DAL,10.2,113
2025,12491,Corey Kiner,RB,ARI,10.18,114
2025,6938,Cam Akers,RB,,10.16,115
2025,12765,Keleki Latu,TE,BUF,10.1,94
2025,12630,Nick Martin,LB,SF,10.0,174
2025,4056,Jabrill Peppers,DB,,10.0,205
2025,8306,John Ridgeway,DL,NO,10.0,82
2025,12920,Dean Clark,DB,NYJ,10.0,205
2025,4189,Eric Saubert,TE,SEA,9.7,95
2025,5000,Chase Edmonds,RB,,9.68,116
2025,6476,D'Angelo Ross,DB,CLE,9.5,207
2025,12171,British Brooks,RB,HOU,9.5,117
2025,7044,Julian Blackmon,DB,NO,9.5,207
2025,6828,AJ Dillon,RB,CAR,9.5,117
2025,10221,Ronnie Bell,WR,NO,9.1,201
2025,6843,Albert Okwuegbunam,TE,LV,9.1,96
2025,6694,D'Ernest Johnson,RB,,9.02,119
2025,12653,Jack Kiser,LB,JAX,9.0,175
2025,13156,Keondre Jackson,DB,BAL,9.0,209
2025,11775,Jaylin Simpson,DB,GB,9.0,209
2025,6957,James Proche,WR,,8.9,202
2025,8129,Dameon Pierce,RB,PHI,8.68,120
2025,12819,Kevin Knowles,DB,KC,8.5,211
2025,12956,Bam Martin-Scott,LB,CAR,8.5,176
2025,12835,Marlowe Wax,LB,LAC,8.5,176
2025,11763,Kitan Oladapo,DB,GB,8.5,211
2025,7608,Khalil Herbert,RB,,8.48,121
2025,8254,Julius Chestnut,RB,TEN,8.34,122
2025,5347,Nyheim Miller-Hines,RB,,8.24,123
2025,11811,Logan Lee,DL,PIT,8.0,83
2025,8004,Devon Key,DB,DEN,8.0,213
2025,12783,Donovan McMillon,DB,CLE,8.0,213
2025,12927,Nazir Stackhouse,DL,GB,8.0,83
2025,8509,Elijah Hicks,DB,CHI,7.5,215
2025,7844,Sam Kamara,LB,CLE,7.5,178
2025,8526,Cameron Goode,LB,MIA,7.5,178
2025,10997,Jerrick Reed,DB,TEN,7.5,215
2025,8370,Jordan Jackson,DL,DEN,7.5,85
2025,12948,Austin Keys,LB,ARI,7.5,178
2025,8377,Tycen Anderson,DB,DEN,7.5,215
2025,12931,Johnathan Baldwin,DB,GB,7.5,215
2025,11820,Devin Culp,TE,TB,7.5,97
2025,7750,Grant Stuard,LB,LAR,7.48,181
2025,3423,Robbie Chosen,WR,,7.3,203
2025,8207,Tyler Goodson,RB,ATL,7.3,124
2025,11798,Zion Logue,DL,BUF,7.25,86
2025,8372,DeAngelo Malone,DL,ATL,7.15,87
2025,13174,Cooper McDonald,LB,KC,7.0,182
2025,11651,Isaac Guerendo,RB,SF,7.0,125
2025,4110,Zach Cunningham,LB,,7.0,182
2025,12672,Jeffrey Bassa,LB,KC,7.0,182
2025,6386,Alex Bachman,WR,,6.96,204
2025,7809,Avery Williams,RB,,6.96,126
2025,11082,Ben Sims,TE,MIA,6.7,98
2025,12787,Josh Williams,RB,TB,6.66,127
2025,5008,Durham Smythe,TE,BAL,6.6,99
2025,12785,Dom Jones,DB,,6.5,219
2025,7653,Azeez Ojulari,LB,ATL,6.5,185
2025,8170,James Mitchell,TE,CAR,6.5,100
2025,8264,Chase Lucas,DB,TB,6.5,219
2025,11841,Sanoussi Kane,DB,TEN,6.5,219
2025,12919,Elijah Simmons,DL,TB,6.5,88
2025,5113,Cedrick Wilson,WR,DET,6.4,205
2025,5519,Tavierre Thomas,DB,MIN,6.0,222
2025,12282,C.J. Ravenell,DL,NYG,6.0,89
2025,2350,Eric Kendricks,LB,,6.0,186
2025,5520,Jonathan Owens,DB,IND,6.0,222
2025,12011,Demani Richardson,DB,CAR,6.0,222
2025,6296,Quinton Bell,LB,,6.0,186
2025,11011,JL Skinner,DB,DEN,6.0,222
2025,12829,Coleman Owen,WR,IND,5.72,206
2025,7436,Mason Kinsey,WR,TEN,5.64,207
2025,10924,Zacch Pickens,DL,NYG,5.5,90
2025,10966,Robert Beal,LB,MIA,5.5,188
2025,11717,Elijah Jones,DB,ARI,5.5,226
2025,13196,Elijah Williams,DL,MIN,5.5,90
2025,11429,Kaevon Merriweather,DB,HOU,5.5,226
2025,8726,Brenden Schooler,DB,NE,5.5,226
2025,6659,Craig Reynolds,RB,,5.42,128
2025,12520,Xavier Restrepo,WR,TEN,5.3,208
2025,8041,Shane Zylstra,TE,BUF,5.2,101
2025,12538,Brady Cook,QB,NYJ,5.15,56
2025,11716,Tip Reiman,TE,ARI,5.0,102
2024,4881,Lamar Jackson,QB,BAL,459.4,1
2024,4866,Saquon Barkley,RB,PHI,429.0,1
2024,3198,Derrick Henry,RB,BAL,401.5,2
2024,4984,Josh Allen,QB,BUF,396.85,2
2024,9221,Jahmyr Gibbs,RB,DET,383.7,3
2024,DEN,Denver Broncos,DEF,DEN,379.08,1
2024,6770,Joe Burrow,QB,CIN,378.8,3
2024,7564,Ja'Marr Chase,WR,CIN,375.1,1
2024,4892,Baker Mayfield,QB,TB,367.7,4
2024,PHI,Philadelphia Eagles,DEF,PHI,359.18,2
2024,9509,Bijan Robinson,RB,ATL,358.5,4
2024,MIN,Minnesota Vikings,DEF,MIN,358.5,3
2024,3163,Jared Goff,QB,DET,347.35,5
2024,11566,Jayden Daniels,QB,WAS,347.0,6
2024,GB,Green Bay Packers,DEF,GB,343.98,4
2024,PIT,Pittsburgh Steelers,DEF,PIT,343.06,5
2024,HOU,Houston Texans,DEF,HOU,341.28,6
2024,BUF,Buffalo Bills,DEF,BUF,328.76,7
2024,SEA,Seattle Seahawks,DEF,SEA,318.24,8
2024,5850,Josh Jacobs,RB,GB,315.6,5
2024,11563,Bo Nix,QB,DEN,313.35,7
2024,6904,Jalen Hurts,QB,PHI,312.05,8
2024,6813,Jonathan Taylor,RB,IND,306.7,6
2024,LAC,Los Angeles Chargers,DEF,LAC,301.56,9
2024,8150,Kyren Williams,RB,LAR,301.28,7
2024,BAL,Baltimore Ravens,DEF,BAL,301.16,10
2024,DET,Detroit Lions,DEF,DET,301.0,11
2024,11604,Brock Bowers,TE,LV,297.0,1
2024,DAL,Dallas Cowboys,DEF,DAL,294.66,12
2024,4943,Sam Darnold,QB,SEA,293.05,9
2024,5849,Kyler Murray,QB,MIN,292.25,10
2024,8138,James Cook,RB,BUF,292.2,8
2024,CIN,Cincinnati Bengals,DEF,CIN,290.74,13
2024,KC,Kansas City Chiefs,DEF,KC,288.88,14
2024,9226,De'Von Achane,RB,MIA,288.18,9
2024,CHI,Chicago Bears,DEF,CHI,287.88,15
2024,6794,Justin Jefferson,WR,MIN,286.5,2
2024,8130,Trey McBride,TE,ARI,284.3,2
2024,4137,James Conner,RB,ARI,281.2,10
2024,TB,Tampa Bay Buccaneers,DEF,TB,277.4,16
2024,4018,Joe Mixon,RB,,275.7,11
2024,7547,Amon-Ra St. Brown,WR,DET,275.55,3
2024,4217,George Kittle,TE,SF,275.3,3
2024,8183,Brock Purdy,QB,SF,274.1,11
2024,6797,Justin Herbert,QB,LAC,270.6,12
2024,WAS,Washington Commanders,DEF,WAS,267.48,17
2024,LAR,Los Angeles Rams,DEF,LAR,267.4,18
2024,4046,Patrick Mahomes,QB,KC,266.7,13
2024,NYJ,New York Jets,DEF,NYJ,266.16,19
2024,4035,Alvin Kamara,RB,NO,263.3,12
2024,11584,Bucky Irving,RB,TB,260.94,13
2024,11631,Brian Thomas,WR,JAX,259.4,4
2024,9224,Chase Brown,RB,CIN,257.94,14
2024,7594,Chuba Hubbard,RB,CAR,256.8,15
2024,SF,San Francisco 49ers,DEF,SF,256.12,20
2024,ARI,Arizona Cardinals,DEF,ARI,256.04,21
2024,NYG,New York Giants,DEF,NYG,255.28,22
2024,4144,Jonnu Smith,TE,,249.2,4
2024,5927,Terry McLaurin,WR,WAS,248.8,5
2024,4199,Aaron Jones,RB,MIN,248.5,16
2024,NO,New Orleans Saints,DEF,NO,248.44,23
2024,1373,Geno Smith,QB,NYJ,248.3,14
2024,CLE,Cleveland Browns,DEF,CLE,246.52,24
2024,IND,Indianapolis Colts,DEF,IND,246.3,25
2024,MIA,Miami Dolphins,DEF,MIA,246.02,26
2024,5346,Zaire Franklin,LB,GB,242.85,1
2024,ATL,Atlanta Falcons,DEF,ATL,242.04,27
2024,8112,Drake London,WR,ATL,241.9,6
2024,TEN,Tennessee Titans,DEF,TEN,241.06,28
2024,8155,Breece Hall,RB,NYJ,239.6,17
2024,6804,Jordan Love,QB,GB,234.85,15
2024,6815,Zack Baun,LB,PHI,228.25,2
2024,6786,CeeDee Lamb,WR,DAL,227.7,7
2024,11632,Malik Nabers,WR,NYG,226.5,8
2024,6302,Kaden Elliss,LB,NO,224.8,3
2024,5892,David Montgomery,RB,HOU,223.15,18
2024,7528,Najee Harris,RB,,221.3,19
2024,6790,D'Andre Swift,RB,CHI,221.1,20
2024,96,Aaron Rodgers,QB,PIT,221.05,16
2024,5726,Robert Spillane,LB,NE,217.0,4
2024,5967,Tony Pollard,RB,TEN,216.6,21
2024,9488,Jaxon Smith-Njigba,WR,SEA,215.85,9
2024,7021,Rico Dowdle,RB,PIT,215.4,22
2024,6183,Andrew Van Ginkel,LB,MIN,215.07,5
2024,11635,Ladd McConkey,WR,LAC,214.82,10
2024,1466,Travis Kelce,TE,KC,214.3,5
2024,8146,Garrett Wilson,WR,NYJ,213.5,11
2024,4081,Budda Baker,DB,ARI,213.0,1
2024,2133,Davante Adams,WR,LAR,210.8,12
2024,2216,Mike Evans,WR,SF,210.5,13
2024,5045,Courtland Sutton,WR,DEN,210.5,13
2024,6783,Jerry Jeudy,WR,CLE,209.9,15
2024,5859,A.J. Brown,WR,NE,207.7,16
2024,10905,Brian Branch,DB,DET,207.2,2
2024,11533,Brandon Aubrey,K,DAL,206.0,1
2024,8148,Jameson Williams,WR,DET,205.5,17
2024,6806,J.K. Dobbins,RB,DEN,204.1,23
2024,1945,Chris Boswell,K,PIT,204.0,2
2024,11560,Caleb Williams,QB,CHI,203.85,17
2024,7841,Jamien Sherwood,LB,NYJ,203.0,6
2024,6949,Jordyn Brooks,LB,MIA,202.07,7
2024,421,Matthew Stafford,QB,LAR,201.8,18
2024,1192,Lavonte David,LB,,200.43,8
2024,LV,Las Vegas Raiders,DEF,LV,200.36,29
2024,5012,Mark Andrews,TE,BAL,199.7,6
2024,11655,Tyrone Tracy,RB,NYG,197.64,24
2024,8392,Nick Cross,DB,WAS,197.62,3
2024,5580,Frankie Luvu,LB,WAS,196.62,9
2024,8267,Nakobe Dean,LB,LV,196.0,10
2024,9997,Zay Flowers,WR,BAL,195.5,18
2024,7569,Nico Collins,WR,HOU,194.8,19
2024,4960,Roquan Smith,LB,BAL,194.75,11
2024,10859,Sam LaPorta,TE,DET,194.1,7
2024,10914,Daiyan Henley,LB,LAC,193.1,12
2024,9756,Jordan Addison,WR,MIN,193.0,20
2024,4983,DJ Moore,WR,BUF,192.5,21
2024,5960,T.J. Edwards,LB,CHI,192.5,13
2024,5041,Fred Warner,LB,SF,192.25,14
2024,4070,T.J. Watt,LB,PIT,191.75,15
2024,6801,Tee Higgins,WR,CIN,191.3,22
2024,NE,New England Patriots,DEF,NE,191.16,30
2024,3321,Tyreek Hill,WR,,191.14,23
2024,6218,E.J. Speed,LB,HOU,190.8,16
2024,8280,Nik Bonitto,LB,DEN,190.78,17
2024,5894,Germaine Pratt,LB,,189.88,18
2024,2350,Eric Kendricks,LB,,189.88,18
2024,1339,Zach Ertz,TE,,189.3,8
2024,10222,Jayden Reed,WR,GB,188.9,24
2024,9493,Puka Nacua,WR,LAR,188.8,25
2024,3233,Kevin Byard,DB,NE,187.5,4
2024,6217,Blake Cashman,LB,MIN,187.15,20
2024,6911,Brandon Jones,DB,DEN,186.2,5
2024,6768,Tua Tagovailoa,QB,ATL,185.35,19
2024,8259,Cameron Dicker,K,LAC,185.0,3
2024,8136,Rachaad White,RB,WAS,184.9,25
2024,5947,Jakobi Meyers,WR,JAX,184.0,26
2024,5876,Julian Love,DB,SEA,183.78,6
2024,9753,Zach Charbonnet,RB,SEA,183.2,26
2024,8154,Brian Robinson,RB,ATL,182.0,27
2024,9758,C.J. Stroud,QB,HOU,181.65,20
2024,7611,Rhamondre Stevenson,RB,NE,180.8,28
2024,8339,Kyle Hamilton,DB,BAL,180.7,7
2024,1233,Bobby Wagner,LB,,180.0,21
2024,3451,Ka'imi Fairbairn,K,HOU,179.0,4
2024,8151,Kenneth Walker,RB,KC,177.4,29
2024,8333,Alontae Taylor,DB,TEN,177.0,8
2024,5017,Jessie Bates,DB,ATL,176.88,9
2024,JAX,Jacksonville Jaguars,DEF,JAX,176.32,31
2024,5119,Jason Sanders,K,NYJ,176.0,5
2024,7648,Nick Bolton,LB,KC,176.0,22
2024,6214,Quincy Williams,LB,CLE,175.47,23
2024,1052,Demario Davis,LB,NYJ,174.5,24
2024,7600,Pat Freiermuth,TE,PIT,174.3,9
2024,7525,DeVonta Smith,WR,PHI,174.2,27
2024,9484,Tucker Kraft,TE,GB,173.6,10
2024,4981,Calvin Ridley,WR,TEN,173.6,28
2024,7672,Ernest Jones,LB,SEA,173.55,25
2024,11628,Marvin Harrison,WR,ARI,172.3,29
2024,7049,Jauan Jennings,WR,MIN,171.3,30
2024,1166,Kirk Cousins,QB,LV,171.2,21
2024,5348,Kyzir White,LB,,170.25,26
2024,6650,Chase McLaughlin,K,TB,170.0,6
2024,4098,Kareem Hunt,RB,,169.6,30
2024,5846,DK Metcalf,WR,PIT,169.6,31
2024,9228,Bryce Young,QB,CAR,169.35,22
2024,8348,Kerby Joseph,DB,DET,168.97,10
2024,8142,Alec Pierce,WR,IND,168.2,32
2024,4971,Derwin James,DB,LAC,167.3,11
2024,7346,Christian Rozeboom,LB,TB,166.9,27
2024,7090,Darnell Mooney,WR,NYG,166.6,33
2024,6788,Xavier McKinney,DB,GB,166.38,12
2024,6807,Patrick Queen,LB,PIT,166.0,28
2024,3678,Wil Lutz,K,DEN,165.0,7
2024,7659,Tre'von Moehrig,DB,CAR,164.7,13
2024,11539,Jake Bates,K,DET,164.0,8
2024,9225,Tank Bigsby,RB,PHI,163.4,31
2024,5872,Deebo Samuel,WR,,163.02,34
2024,3214,Hunter Henry,TE,NE,162.8,11
2024,7016,Jeremy Chinn,DB,LV,161.0,14
2024,4238,Xavier Woods,DB,,160.25,15
2024,8111,Cade Otton,TE,TB,159.8,12
2024,4993,Mike Gesicki,TE,CIN,159.5,13
2024,5071,DeShon Elliott,DB,PIT,159.25,16
2024,7571,Rashod Bateman,WR,BAL,159.1,35
2024,6315,Tyrel Dodson,LB,MIA,158.18,29
2024,10880,Jack Campbell,LB,DET,157.75,30
2024,4033,David Njoku,TE,LAC,157.1,14
2024,11624,Xavier Worthy,WR,KC,156.8,36
2024,10933,DeMarvion Overshown,LB,DAL,156.57,31
2024,2028,Derek Carr,QB,,156.55,23
2024,9500,Josh Downs,WR,IND,156.34,37
2024,9229,Anthony Richardson,QB,IND,155.4,24
2024,9754,Quentin Johnston,WR,LAC,155.0,38
2024,8330,Quentin Lake,DB,LAR,154.0,17
2024,11676,Mike Sainristil,DB,WAS,153.45,18
2024,8341,Cam Taylor-Britt,DB,IND,153.22,19
2024,11564,Drake Maye,QB,NE,152.7,25
2024,7640,Micah Parsons,LB,GB,152.5,32
2024,5030,Harold Landry,LB,NE,152.0,33
2024,11052,Jaylon Jones,DB,IND,151.62,20
2024,8384,Zyon McCollum,DB,TB,151.6,21
2024,4039,Cooper Kupp,WR,SEA,151.5,39
2024,8265,Travon Walker,LB,JAX,151.12,34
2024,8329,Devin Lloyd,LB,CAR,151.07,35
2024,8266,Quay Walker,LB,LV,150.75,36
2024,5095,Daniel Carlson,K,,150.0,9
2024,5334,Josey Jewell,LB,,149.75,37
2024,1234,Russell Wilson,QB,,149.5,26
2024,1479,Keenan Allen,WR,,149.2,40
2024,8134,Khalil Shakir,WR,BUF,149.1,41
2024,2130,Kyle Van Noy,LB,,148.75,38
2024,10891,Devon Witherspoon,DB,SEA,148.5,22
2024,4968,Tremaine Edmunds,LB,NYG,148.0,39
2024,8396,Micah McFadden,LB,NYG,148.0,39
2024,9494,Marvin Mims,WR,DEN,147.98,42
2024,1264,Justin Tucker,K,,147.0,10
2024,CAR,Carolina Panthers,DEF,CAR,146.88,32
2024,6065,Cody Barton,LB,TEN,146.82,41
2024,2747,Jason Myers,K,SEA,146.0,11
2024,5332,Foyesade Oluokun,LB,JAX,145.5,42
2024,6811,Kenneth Murray,LB,,144.4,43
2024,8261,Jack Jones,DB,SF,144.32,23
2024,6901,Joshua Metellus,DB,MIN,143.9,24
2024,4663,Austin Ekeler,RB,,143.76,32
2024,7042,Tyler Bass,K,BUF,143.0,12
2024,8137,George Pickens,WR,DAL,142.7,43
2024,7588,Javonte Williams,RB,DAL,142.1,33
2024,6083,Matt Gay,K,LV,142.0,13
2024,7765,Jonathon Cooper,DL,DEN,141.75,1
2024,1213,Harrison Smith,DB,,141.5,25
2024,4195,Jake Elliott,K,PHI,141.0,14
2024,6799,Grant Delpit,DB,CLE,141.0,26
2024,8143,Jerome Ford,RB,WAS,140.72,34
2024,10923,Dorian Williams,LB,BUF,140.5,44
2024,7715,Cam Bynum,DB,IND,140.07,27
2024,11792,Will Reichard,K,MIN,139.0,15
2024,2308,Dante Fowler,LB,SEA,138.43,45
2024,7523,Trevor Lawrence,QB,JAX,138.35,27
2024,7553,Kyle Pitts,TE,ATL,137.5,15
2024,6819,Michael Pittman,WR,PIT,137.4,44
2024,8311,Terrel Bernard,LB,BUF,137.03,46
2024,8408,Jordan Mason,RB,MIN,136.86,35
2024,8131,Isaiah Likely,TE,NYG,136.5,16
2024,10892,Will Anderson,DL,HOU,136.0,2
2024,11058,Blake Grupe,K,IND,135.0,16
2024,11789,Joshua Karty,K,,135.0,16
2024,11779,Tarheeb Still,DB,LAC,134.88,28
2024,6179,Jahlani Tavai,LB,,134.5,47
2024,10930,Riley Moss,DB,DEN,134.5,29
2024,8917,KaVontae Turpin,WR,DAL,133.84,45
2024,5908,Amani Hooker,DB,TEN,133.7,30
2024,11687,Edgerrin Cooper,LB,GB,133.4,48
2024,7044,Julian Blackmon,DB,NO,132.43,31
2024,6291,Donovan Wilson,DB,,132.25,32
2024,5036,Justin Reid,DB,NO,132.2,33
2024,7819,Deommodore Lenoir,DB,SF,131.32,34
2024,10970,Henry To'oTo'o,LB,HOU,131.25,49
2024,5987,Alexander Mattison,RB,,131.0,36
2024,11786,Cam Little,K,JAX,131.0,18
2024,6141,Drue Tranquill,LB,KC,130.07,50
2024,6923,Geno Stone,DB,BUF,129.85,35
2024,7002,Juwan Johnson,TE,NO,129.8,17
2024,7787,Damar Hamlin,DB,BUF,129.47,36
2024,8104,Dee Alford,DB,BUF,129.0,37
2024,2359,Ameer Abdullah,RB,JAX,128.28,37
2024,10949,Chamarri Conner,DB,KC,128.25,38
2024,8308,Derek Stingley,DB,HOU,128.2,39
2024,8359,Marcus Jones,DB,NE,128.04,40
2024,10955,Chad Ryland,K,ARI,128.0,19
2024,7526,Jaylen Waddle,WR,DEN,127.7,46
2024,6826,Cole Kmet,TE,CHI,127.7,18
2024,8126,Wan'Dale Robinson,WR,TEN,127.2,47
2024,5133,Tyler Conklin,TE,DET,126.9,19
2024,10881,Christian Gonzalez,DB,NE,126.62,41
2024,6711,Jalen Thompson,DB,DAL,126.5,42
2024,4963,Minkah Fitzpatrick,DB,NYJ,126.41,43
2024,7136,Kam Curl,DB,LAR,126.33,44
2024,6880,Logan Wilson,LB,,126.25,51
2024,4666,Younghoe Koo,K,,126.0,20
2024,7496,Nick Westbrook-Ikhine,WR,IND,126.0,48
2024,4381,Taysom Hill,TE,,125.93,20
2024,5944,Bobby Okereke,LB,,125.53,52
2024,5893,C.J. Gardner-Johnson,DB,BUF,125.4,45
2024,11620,Rome Odunze,WR,CHI,125.3,49
2024,11575,Ray Davis,RB,BUF,125.08,38
2024,7626,Odafe Oweh,LB,WAS,125.0,53
2024,5001,Dalton Schultz,TE,HOU,124.9,21
2024,11665,Jared Verse,DL,CLE,124.75,3
2024,8364,Trent McDuffie,DB,LAR,124.75,46
2024,8117,Jalen Tolbert,WR,MIA,124.6,50
2024,7685,Brandon Stephens,DB,NYJ,124.25,47
2024,8406,Reed Blankenship,DB,HOU,124.12,48
2024,9502,Tank Dell,WR,HOU,124.1,51
2024,4037,Chris Godwin,WR,TB,123.9,52
2024,10917,Byron Young,LB,LAR,123.75,54
2024,1689,Adam Thielen,WR,,123.7,53
2024,3268,Eric Murray,DB,JAX,123.5,49
2024,8487,Christian Benford,DB,BUF,123.33,50
2024,7543,Travis Etienne,RB,NO,123.3,39
2024,6131,Mack Wilson,LB,ARI,123.0,55
2024,6528,Joey Slye,K,TEN,123.0,21
2024,8228,Jaylen Warren,RB,PIT,122.38,40
2024,8305,Montaric Brown,DB,JAX,121.5,51
2024,2306,Jameis Winston,QB,NYG,121.35,28
2024,10937,Jake Moody,K,WAS,121.0,22
2024,8132,Tyler Allgeier,RB,ARI,120.6,41
2024,8210,Chig Okonkwo,TE,WAS,120.5,22
2024,5096,Ray-Ray McCloud,WR,,120.24,54
2024,8385,George Karlaftis,DL,KC,120.0,4
2024,7828,Noah Gray,TE,KC,119.4,23
2024,5882,Taylor Rapp,DB,,119.12,52
2024,6485,Azeez Al-Shaair,LB,HOU,118.5,56
2024,10904,Keion White,DL,SF,118.0,5
2024,8838,Isaiah Pola-Mao,DB,LV,118.0,53
2024,8293,Coby Bryant,DB,CHI,117.67,54
2024,8390,Martin Emerson,DB,NO,117.55,55
2024,5995,Justice Hill,RB,BAL,117.42,42
2024,10921,Yaya Diaby,DL,TB,116.75,6
2024,3202,Austin Hooper,TE,ATL,116.6,24
2024,11674,Tyler Nubin,DB,NYG,116.55,56
2024,7671,Benjamin St-Juste,DB,GB,116.5,57
2024,1576,Tyrann Mathieu,DB,,116.22,58
2024,5010,Will Dissly,TE,,116.14,25
2024,2020,Cairo Santos,K,CHI,116.0,23
2024,5022,Dallas Goedert,TE,PHI,115.9,26
2024,11618,Jalen McMillan,WR,TB,115.58,55
2024,9508,Tyjae Spears,RB,TEN,115.42,43
2024,6219,Austin Seibert,K,,115.0,24
2024,6872,Kyle Dugger,DB,CIN,115.0,59
2024,1426,DeAndre Hopkins,WR,,114.9,56
2024,7591,Justin Fields,QB,KC,114.4,29
2024,3174,Leonard Floyd,LB,,114.25,57
2024,5857,Noah Fant,TE,NO,114.2,27
2024,6945,Antonio Gibson,RB,,114.16,44
2024,650,Nick Folk,K,ATL,114.0,25
2024,10898,Tuli Tuipulotu,DL,LAC,113.75,7
2024,6848,Anfernee Jennings,LB,NO,112.75,58
2024,11766,Jarvis Brownlee,DB,NYJ,112.55,60
2024,4074,Malik Hooker,DB,DAL,112.5,61
2024,11677,Braden Fiske,DL,LAR,112.45,8
2024,11685,Kamari Lassiter,DB,HOU,112.22,62
2024,10903,Quan Martin,DB,WAS,112.22,62
2024,5185,Allen Lazard,WR,,112.1,57
2024,8125,Calvin Austin,WR,NYG,111.26,58
2024,8294,Bryan Cook,DB,CIN,111.0,64
2024,7970,Ar'Darius Washington,DB,NYG,110.83,65
2024,11086,Ivan Pace,LB,MIN,110.55,59
2024,8110,Jake Ferguson,TE,DAL,110.5,28
2024,10213,Tre Tucker,WR,LV,110.38,59
2024,5870,Daniel Jones,QB,IND,110.2,30
2024,9501,DeMario Douglas,WR,NE,109.9,60
2024,8365,Kyler Gordon,DB,CHI,109.75,66
2024,5985,Foster Moreau,TE,HOU,109.1,29
2024,2036,Khalil Mack,LB,LAC,109.05,60
2024,3286,Demarcus Robinson,WR,SF,108.9,61
2024,5839,Rashan Gary,LB,DAL,108.75,61
2024,11697,Renardo Green,DB,SF,108.5,67
2024,8860,Tony Adams,DB,TEN,108.5,67
2024,6977,Justin Strnad,LB,DEN,108.0,62
2024,7921,Christian Elliss,LB,NE,107.4,63
2024,10913,Joey Porter,DB,PIT,107.4,69
2024,10888,Jalen Carter,DL,PHI,107.25,9
2024,11727,Payton Wilson,LB,PIT,107.05,64
2024,1343,Jordan Poyer,DB,,107.0,70
2024,10236,Dalton Kincaid,TE,BUF,106.9,30
2024,11710,Calen Bullock,DB,HOU,106.9,71
2024,7782,Isaiah McDuffie,LB,GB,106.75,65
2024,11686,Javon Bullard,DB,GB,106.58,72
2024,3294,Dak Prescott,QB,DAL,106.4,31
2024,8167,Christian Watson,WR,GB,106.3,62
2024,11734,Tyrice Knight,LB,SEA,106.2,66
2024,5920,Will Harris,DB,WAS,106.17,73
2024,5189,Eddy Pineiro,K,SF,106.0,26
2024,8121,Romeo Doubs,WR,NE,106.0,63
2024,8314,Jalen Pitre,DB,HOU,105.75,74
2024,7647,Pete Werner,LB,NO,105.5,67
2024,11726,Kamren Kinchens,DB,LAR,105.08,75
2024,6216,Ugo Amadi,DB,,104.5,76
2024,9504,Kayshon Boutte,WR,NE,104.1,64
2024,7113,Alex Highsmith,LB,PIT,104.0,68
2024,2389,Jordan Hicks,LB,,104.0,68
2024,10936,Ji'Ayir Brown,DB,SF,104.0,77
2024,11637,Keon Coleman,WR,BUF,103.7,65
2024,7637,Zaven Collins,LB,ARI,103.5,70
2024,2427,Za'Darius Smith,LB,,103.5,70
2024,3303,Matthew Judon,LB,,103.42,72
2024,11626,Xavier Legette,WR,CAR,103.38,66
2024,11427,Christian Izien,DB,DET,102.92,78
2024,10232,Michael Wilson,WR,ARI,102.9,67
2024,7651,Jeremiah Owusu-Koramoah,LB,CLE,102.5,73
2024,5844,T.J. Hockenson,TE,MIN,102.4,31
2024,8374,Riq Woolen,DB,PHI,102.28,79
2024,11700,Dru Phillips,DB,NYG,102.12,80
2024,1433,Brandon McManus,K,,102.0,27
2024,11651,Isaac Guerendo,RB,SF,101.62,45
2024,6860,Akeem Davis-Gaither,LB,IND,100.8,74
2024,10226,Andrei Iosivas,WR,CIN,99.8,68
2024,6938,Cam Akers,RB,,99.74,46
2024,11435,Emanuel Wilson,RB,SEA,99.7,47
2024,4066,Evan Engram,TE,DEN,99.3,32
2024,10879,Calijah Kancey,DL,TB,99.25,10
2024,11661,Terrion Arnold,DB,,98.97,81
2024,4118,Alex Anzalone,LB,TB,98.5,75
2024,6419,P.J. Locke,DB,DAL,98.5,82
2024,5375,Jordan Whitehead,DB,,98.5,82
2024,4574,Cooper Rush,QB,,98.4,32
2024,6839,Jaylon Johnson,DB,CHI,98.28,84
2024,10935,Trenton Simpson,LB,BAL,98.25,76
2024,6039,Ty Johnson,RB,BUF,98.2,48
2024,4227,Harrison Butker,K,KC,98.0,28
2024,10899,Gervon Dexter,DL,CHI,98.0,11
2024,6130,Devin Singletary,RB,NYG,97.8,49
2024,6149,Darius Slayton,WR,NYG,97.8,69
2024,5032,Jordan Akins,TE,,97.5,33
2024,5843,Devin Bush,LB,CHI,97.5,77
2024,10947,Ventrell Miller,LB,JAX,97.0,78
2024,10932,Garrett Williams,DB,ARI,97.0,85
2024,9480,Brenton Strange,TE,JAX,96.6,34
2024,10878,Deonte Banks,DB,NYG,96.5,86
2024,11705,Tykee Smith,DB,TB,96.5,86
2024,6888,Antoine Winfield,DB,TB,96.45,88
2024,9487,Parker Washington,WR,JAX,96.44,70
2024,2309,Amari Cooper,WR,,96.3,71
2024,2449,Stefon Diggs,WR,,96.15,72
2024,7839,Evan McPherson,K,CIN,96.0,29
2024,8343,Boye Mafe,DL,CIN,96.0,12
2024,8325,Arnold Ebiketie,DL,PHI,96.0,12
2024,11439,Jaleel McLaughlin,RB,DEN,95.6,50
2024,7698,Andre Cisco,DB,NYJ,95.55,89
2024,10974,Antonio Johnson,DB,JAX,95.5,90
2024,6271,Olamide Zaccheaus,WR,ATL,94.66,73
2024,7596,Elijah Moore,WR,PHI,94.4,74
2024,10873,Nolan Smith,LB,PHI,93.75,79
2024,4413,Eric Wilson,LB,MIN,93.0,80
2024,19,Joe Flacco,QB,CIN,91.85,33
2024,2374,Tyler Lockett,WR,,91.6,75
2024,11678,Cooper DeJean,DB,PHI,91.19,91
2024,7666,Jevon Holland,DB,NYG,90.5,92
2024,5056,Jerome Baker,LB,,90.5,81
2024,9486,Dontayvion Wicks,WR,PHI,90.1,76
2024,8180,Jalen Nailor,WR,LV,90.0,77
2024,3262,Justin Simmons,DB,,90.0,93
2024,3276,De'Vondre Campbell,LB,,90.0,82
2024,8676,Rashid Shaheed,WR,SEA,89.96,78
2024,10866,Aidan O'Connell,QB,LV,89.4,34
2024,9506,Sean Tucker,RB,TB,88.7,51
2024,8290,Sauce Gardner,DB,IND,88.5,94
2024,8659,Nate Landman,LB,LAR,88.0,83
2024,2327,Bud Dupree,LB,LAC,88.0,83
2024,4177,Mack Hollins,WR,NE,87.72,79
2024,4972,Mason Rudolph,QB,PIT,87.2,35
2024,9999,Will Levis,QB,TEN,86.65,36
2024,4224,Chuck Clark,DB,DET,86.5,95
2024,7527,Mac Jones,QB,SF,86.4,37
2024,3415,Jonathan Jones,DB,PHI,86.0,96
2024,11638,Ricky Pearsall,WR,SF,85.14,80
2024,7677,Divine Deablo,LB,ATL,84.8,85
2024,4180,Rayshawn Jenkins,DB,,84.55,97
2024,7670,Joshua Palmer,WR,BUF,84.5,81
2024,5970,Greg Dortch,WR,DET,84.12,82
2024,11603,AJ Barner,TE,SEA,84.0,35
2024,11834,Devaughn Vele,WR,NO,83.4,83
2024,7815,K.J. Britt,LB,NE,83.25,86
2024,5086,Marquez Valdes-Scantling,WR,DAL,83.2,84
2024,2267,Jimmie Ward,DB,,83.17,98
2024,8310,Cor'Dale Flott,DB,TEN,83.15,99
2024,6003,Anthony Nelson,LB,TB,83.0,87
2024,1348,Dustin Hopkins,K,,83.0,30
2024,8362,Leo Chenal,LB,WAS,83.0,87
2024,11576,Braelon Allen,RB,NYJ,83.0,52
2024,6210,Darnell Savage,DB,PIT,82.9,100
2024,11731,Malik Mustapha,DB,SF,82.53,101
2024,8303,Roger McCreary,DB,DET,82.5,102
2024,11646,Jalen Coker,WR,CAR,81.55,85
2024,11725,Jarrian Jones,DB,JAX,81.5,103
2024,8289,Aidan Hutchinson,DL,DET,80.75,14
2024,4203,Anthony Walker,LB,,80.62,89
2024,11724,Trevin Wallace,LB,CAR,80.0,90
2024,8355,Kayvon Thibodeaux,DL,NYG,79.75,15
2024,10940,Nick Herbig,LB,PIT,79.25,91
2024,6800,K'Lavon Chaisson,LB,WAS,79.0,92
2024,7567,Kenny Gainwell,RB,TB,78.74,53
2024,8381,Cobie Durant,DB,DAL,78.5,104
2024,7069,Alohi Gilman,DB,KC,77.45,105
2024,4147,Samaje Perine,RB,CIN,77.12,54
2024,12140,Omar Speights,LB,LAR,77.0,93
2024,11600,Ja'Tavion Sanders,TE,CAR,76.4,36
2024,8395,Dane Belton,DB,NYJ,76.1,106
2024,5937,Diontae Johnson,WR,,76.0,86
2024,6845,Zack Moss,RB,,76.0,55
2024,8360,Logan Hall,DL,HOU,75.75,16
2024,7562,Tutu Atwell,WR,MIA,75.7,87
2024,12142,Jaylen McCollough,DB,LAR,75.15,107
2024,4988,Nick Chubb,RB,,75.0,56
2024,2353,Denzel Perryman,LB,LAC,75.0,94
2024,10235,Roschon Johnson,RB,CHI,74.8,57
2024,7653,Azeez Ojulari,LB,ATL,74.5,95
2024,11669,Laiatu Latu,DL,IND,74.5,17
2024,8382,Kingsley Enagbare,DL,NYJ,74.25,18
2024,11720,Marist Liufau,LB,DAL,73.75,96
2024,5973,Josh Oliver,TE,MIN,73.6,37
2024,5248,Gus Edwards,RB,,73.4,58
2024,4351,Tim Patrick,WR,NYJ,73.1,88
2024,11597,Theo Johnson,TE,NYG,72.7,38
2024,11350,Mohamoud Diabate,LB,TEN,72.0,97
2024,4219,Jeremy McNichols,RB,WAS,71.96,59
2024,5520,Jonathan Owens,DB,IND,71.83,108
2024,10927,Jordan Battle,DB,CIN,71.5,109
2024,8270,Devonte Wyatt,DL,GB,71.5,19
2024,8506,Nazeeh Johnson,DB,TEN,71.5,109
2024,6151,Miles Sanders,RB,,70.46,60
2024,8316,Micheal Clemons,DL,IND,70.25,20
2024,3156,Joey Bosa,LB,,70.0,98
2024,6011,Gardner Minshew,QB,ARI,69.75,38
2024,2749,Raheem Mostert,RB,,69.68,61
2024,1205,Rodney McLeod,DB,,69.62,111
2024,4274,David Moore,WR,CAR,69.52,89
2024,6865,Colby Parkinson,TE,LAR,69.4,39
2024,8129,Dameon Pierce,RB,PHI,69.36,62
2024,5854,Drew Lock,QB,SEA,68.85,39
2024,10926,Marte Mapu,DB,HOU,68.4,112
2024,6941,Troy Dye,LB,LAC,68.25,99
2024,10229,Rashee Rice,WR,KC,67.1,90
2024,11739,Evan Williams,DB,GB,67.03,113
2024,5272,Greg Joseph,K,,67.0,31
2024,4234,Noah Brown,WR,,66.8,91
2024,2677,Neville Hewitt,LB,,66.62,100
2024,11693,Max Melton,DB,ARI,66.5,114
2024,8275,Josh Jobe,DB,SEA,66.33,115
2024,11699,Jer'Zhan Newton,DL,WAS,66.05,21
2024,11008,Anders Carlson,K,,66.0,32
2024,10212,Josh Whyle,TE,GB,66.0,40
2024,8144,Chris Olave,WR,NO,65.6,92
2024,10889,Tyree Wilson,LB,NO,64.75,101
2024,11675,Kool-Aid McKinstry,DB,NO,64.5,116
2024,8177,Grant Calcaterra,TE,PHI,64.4,41
2024,10943,Isaiah McGuire,DL,CLE,64.25,22
2024,3634,Kalif Raymond,WR,CHI,64.06,93
2024,10234,Derius Davis,WR,LAC,63.86,94
2024,11610,Malik Washington,WR,MIA,63.76,95
2024,11691,T'Vondre Sweat,DL,NYJ,63.75,23
2024,8388,Troy Andersen,LB,ATL,63.67,102
2024,12011,Demani Richardson,DB,CAR,63.58,117
2024,8476,DaRon Bland,DB,DAL,63.5,118
2024,10444,Cedric Tillman,WR,CLE,63.1,96
2024,6145,Juan Thornhill,DB,,63.0,119
2024,11807,Darius Muasau,LB,NYG,62.52,103
2024,5906,Dawson Knox,TE,BUF,62.4,42
2024,11623,Jordan Whittington,WR,LAR,62.12,97
2024,10985,Jordan Howden,DB,NO,61.95,120
2024,3200,Sterling Shepard,WR,,61.9,98
2024,10885,Lukas Van Ness,DL,GB,61.5,24
2024,8323,Jaquan Brisker,DB,PIT,61.0,121
2024,3230,Vonn Bell,DB,,60.8,122
2024,7849,Charles Snowden,LB,DAL,60.75,104
2024,8334,Malcolm Rodriguez,LB,DET,60.5,105
2024,871,Von Miller,LB,,60.0,106
2024,3369,Elandon Roberts,LB,,60.0,106
2024,2343,Preston Smith,LB,,59.75,108
2024,10894,DJ Turner,DB,CIN,59.5,123
2024,10871,Luke Schoonmaker,TE,DAL,59.4,43
2024,7694,Tommy Tremble,TE,CAR,59.1,44
2024,11949,Brayden Narveson,K,,59.0,33
2024,6968,Jordan Fuller,DB,,59.0,124
2024,5158,Dennis Gardeck,LB,JAX,58.75,109
2024,3164,Ezekiel Elliott,RB,,58.2,63
2024,4950,Christian Kirk,WR,SF,58.2,99
2024,8205,Isiah Pacheco,RB,DET,58.0,64
2024,6855,Ashtyn Davis,DB,SF,57.15,125
2024,6268,Matthew Wright,K,,57.0,34
2024,3225,Tyler Boyd,WR,,56.8,100
2024,2501,Quandre Diggs,DB,,56.0,126
2024,11728,Jaden Hicks,DB,KC,55.95,127
2024,7023,Willie Gay,LB,MIA,55.1,110
2024,11352,Ronnie Hickman,DB,CLE,55.0,128
2024,7587,Dyami Brown,WR,WAS,54.5,101
2024,2197,Brandin Cooks,WR,,54.3,102
2024,11042,Carrington Valentine,DB,GB,54.27,129
2024,829,Andy Dalton,QB,PHI,54.15,40
2024,5928,David Long,LB,,54.0,111
2024,8400,Travis Jones,DL,BAL,53.5,25
2024,6867,Malik Harrison,LB,PIT,53.5,112
2024,11579,Audric Estime,RB,NO,53.3,65
2024,11199,Emari Demercado,RB,KC,53.06,66
2024,11744,Dadrion Taylor-Demerson,DB,ARI,53.0,130
2024,6803,Brandon Aiyuk,WR,SF,52.9,103
2024,11571,Isaiah Davis,RB,NYJ,52.78,67
2024,11589,Trey Benson,RB,ARI,52.7,68
2024,6353,Troy Reeder,LB,,52.5,113
2024,7593,Trey Sermon,RB,,52.22,69
2024,10877,Mazi Smith,DL,NYJ,52.0,26
2024,503,Graham Gano,K,,52.0,35
2024,11777,Jaylon Carlies,DB,IND,51.5,131
2024,4056,Jabrill Peppers,DB,,51.5,131
2024,10231,Elijah Higgins,TE,ARI,51.2,45
2024,4718,Dare Ogunbowale,RB,,51.08,70
2024,8207,Tyler Goodson,RB,ATL,50.98,71
2024,11627,Troy Franklin,WR,DEN,50.5,104
2024,8373,Jaylen Watson,DB,LAR,50.3,133
2024,8299,Baylon Spector,LB,,50.25,114
2024,5938,Lil'Jordan Humphrey,WR,DEN,50.2,105
2024,5374,Justin Watson,WR,HOU,50.2,105
2024,10938,D.J. Johnson,LB,WAS,49.75,115
2024,6853,Van Jefferson,WR,WAS,49.7,107
2024,7625,Joe Tryon-Shoyinka,LB,,49.5,116
2024,11017,Dee Winters,LB,DAL,49.5,116
2024,8161,Malik Willis,QB,MIA,49.5,41
2024,4040,JuJu Smith-Schuster,WR,NYG,49.3,108
2024,4091,Marcus Williams,DB,,49.0,134
2024,4075,Charles Harris,LB,,49.0,118
2024,3258,Nick Vannett,TE,SEA,48.8,46
2024,4082,Curtis Samuel,WR,,48.6,109
2024,11771,Chau Smith-Wade,DB,CAR,48.58,135
2024,7268,Krys Barnes,LB,,48.5,119
2024,11688,Kris Jenkins,DL,CIN,48.5,27
2024,5075,Ogbo Okoronkwo,LB,,48.5,119
2024,4454,Kendrick Bourne,WR,ARI,48.2,110
2024,4149,Jamaal Williams,RB,,48.02,72
2024,4090,Raekwon McMillan,LB,,48.0,121
2024,6612,Luke Gifford,LB,SF,48.0,121
2024,8680,Jack Gibbens,LB,ARI,47.75,123
2024,6960,Tyler Johnson,WR,DAL,47.5,111
2024,4093,Marcus Maye,DB,,47.5,136
2024,7989,DJ Turner,WR,,47.32,112
2024,4068,Mike Williams,WR,,47.2,113
2024,7083,Tyler Huntley,QB,BAL,47.15,42
2024,9479,Darnell Washington,TE,PIT,47.1,47
2024,8358,Josh Paschal,DL,,47.0,28
2024,8255,Raheem Blackshear,RB,,46.94,73
2024,4078,Adoree' Jackson,DB,,46.5,137
2024,11827,Jonah Laulu,DL,LV,46.5,29
2024,11682,Cole Bishop,DB,BUF,46.5,137
2024,4314,Johnny Mundt,TE,PHI,46.3,48
2024,2307,Marcus Mariota,QB,WAS,46.2,43
2024,8258,Cade York,K,NYJ,46.0,36
2024,8670,Parker Romo,K,,46.0,36
2024,4188,Damontae Kazee,DB,,45.62,139
2024,6869,Adam Trautman,TE,DEN,45.5,49
2024,11769,Caelen Carson,DB,DAL,45.5,140
2024,8363,Jack Sanborn,LB,CHI,45.25,124
2024,8509,Elijah Hicks,DB,CHI,45.2,141
2024,6943,Gabe Davis,WR,,44.9,114
2024,11667,Dallas Turner,LB,MIN,44.6,125
2024,8394,Percy Butler,DB,WAS,44.5,142
2024,8147,John Metchie,WR,CAR,44.0,115
2024,10963,Jakorian Bennett,DB,PHI,44.0,143
2024,4034,Christian McCaffrey,RB,SF,43.8,74
2024,11559,Michael Penix,QB,ATL,43.75,44
2024,11433,Nate Adkins,TE,DEN,43.6,50
2024,11193,Brenton Cox,LB,GB,43.5,126
2024,7750,Grant Stuard,LB,LAR,43.5,126
2024,1535,Cordarrelle Patterson,RB,,43.1,75
2024,8274,LaBryan Ray,DL,CAR,43.0,30
2024,11348,Trevor Nowaske,LB,DET,42.7,128
2024,11586,Blake Corum,RB,LAR,42.54,76
2024,8869,J.J. Russell,LB,,42.5,129
2024,8262,DJ Davidson,DL,WAS,42.5,31
2024,8286,Dax Hill,DB,CIN,42.5,144
2024,4017,Deshaun Watson,QB,CLE,42.5,45
2024,2617,Alex Singleton,LB,DEN,42.02,130
2024,6001,Drew Sample,TE,CIN,41.6,51
2024,6921,Josh Uche,LB,MIA,41.5,131
2024,8269,Jordan Davis,DL,PHI,41.5,32
2024,5409,Tanner Hudson,TE,CIN,41.2,52
2024,2325,Nelson Agholor,WR,,41.2,116
2024,11562,Spencer Rattler,QB,NO,41.15,46
2024,11306,Xavier Gipson,WR,NYG,41.1,117
2024,4111,D'Onta Foreman,RB,,40.74,77
2024,11625,Adonai Mitchell,WR,NYJ,40.6,118
2024,2330,Shaq Thompson,LB,,40.5,132
2024,5021,Lorenzo Carter,LB,,40.5,132
2024,8532,Mike Brown,DB,NE,40.5,145
2024,8322,Jesse Luketa,LB,NE,40.5,132
2024,12115,Dell Pettus,DB,NE,40.3,146
2024,6963,Patrick Taylor,RB,SF,40.06,78
2024,1266,Greg Zuerlein,K,,40.0,38
2024,7811,Talanoa Hufanga,DB,DEN,40.0,147
2024,5917,Mecole Hardman,WR,BUF,39.9,119
2024,12031,Leonard Taylor,DL,NE,39.75,33
2024,8116,Pierre Strong,RB,GB,39.6,79
2024,5031,Oren Burks,LB,CIN,39.5,135
2024,12269,Brandon Codrington,DB,HOU,39.26,148
2024,11370,Chris Brooks,RB,GB,39.2,80
2024,7595,Tylan Wallace,WR,CLE,38.88,120
2024,8583,Stone Smartt,TE,PHI,38.7,53
2024,5113,Cedrick Wilson,WR,DET,38.65,121
2024,9482,Michael Mayer,TE,LV,38.5,54
2024,6931,DeeJay Dallas,RB,JAX,38.46,81
2024,7602,Kylen Granson,TE,TEN,38.3,55
2024,4233,Zane Gonzalez,K,MIA,38.0,39
2024,1352,Robert Woods,WR,,37.82,122
2024,11592,Erick All,TE,CIN,37.8,56
2024,8230,Ty Chandler,RB,NO,37.6,82
2024,4158,Eddie Jackson,DB,,37.5,149
2024,11650,Luke McCaffrey,WR,WAS,37.46,123
2024,5773,KhaDarel Hodge,WR,,37.4,124
2024,9757,Kendre Miller,RB,NO,37.04,83
2024,7681,Baron Browning,LB,ARI,37.0,136
2024,11679,Chris Braswell,LB,TB,36.75,137
2024,8296,Kaiir Elam,DB,KC,36.5,150
2024,11923,Evan Anderson,DL,SF,36.5,34
2024,11599,Cade Stover,TE,HOU,36.3,57
2024,7891,Brock Wright,TE,DET,36.2,58
2024,4054,Mo Alie-Cox,TE,IND,36.0,59
2024,8481,Ja'Sir Taylor,DB,CIN,36.0,151
2024,8123,Hassan Haskins,RB,,35.8,84
2024,8249,Lucas Krull,TE,DEN,35.8,60
2024,8331,Otito Ogbonnia,DL,DAL,35.5,35
2024,11760,Austin Booker,DL,CHI,35.25,36
2024,6847,Devin Duvernay,WR,ARI,35.22,125
2024,8542,Tristin McCollum,DB,LV,35.0,152
2024,10227,Payne Durham,TE,TB,34.9,61
2024,10223,Eric Gray,RB,NYG,34.86,85
2024,10972,Terell Smith,DB,CHI,34.58,153
2024,6296,Quinton Bell,LB,,34.5,138
2024,10219,Chris Rodriguez,RB,JAX,34.4,86
2024,6996,JaMycal Hasty,RB,,34.32,87
2024,2750,DeAndre Carter,WR,,34.28,126
2024,11668,Byron Murphy,DL,SEA,34.25,37
2024,11861,Jacoby Windmon,LB,PIT,34.25,139
2024,7608,Khalil Herbert,RB,,34.06,88
2024,11647,Kimani Vidal,RB,LAC,34.0,89
2024,17,Matt Prater,K,,34.0,40
2024,9492,Trey Palmer,WR,NO,34.0,127
2024,3363,Kamu Grugier-Hill,LB,,33.62,140
2024,4179,Joshua Dobbs,QB,,33.35,47
2024,8254,Julius Chestnut,RB,TEN,33.28,90
2024,11643,Jaylen Wright,RB,MIA,32.86,91
2024,7607,Michael Carter,RB,TEN,32.7,92
2024,4171,Josh Reynolds,WR,,32.6,128
2024,4992,Dante Pettis,WR,,32.24,129
2024,8139,Zamir White,RB,,32.2,93
2024,11701,Junior Colson,LB,LAC,32.0,141
2024,10988,Cameron Mitchell,DB,IND,32.0,154
2024,6694,D'Ernest Johnson,RB,,31.9,94
2024,8295,Zach Carter,DL,ARI,31.75,38
2024,11421,Ryan Miller,WR,NYG,31.1,130
2024,7776,Israel Mukuamu,DB,,31.0,155
2024,6301,Nick Scott,DB,CAR,31.0,155
2024,1686,Tony Jefferson,DB,LAC,31.0,155
2024,7922,Riley Patterson,K,MIA,31.0,41
2024,11582,Carson Steele,RB,PHI,30.82,95
2024,8309,Damone Clark,LB,DET,30.75,142
2024,8119,Jahan Dotson,WR,ATL,30.6,131
2024,11872,Thomas Harper,DB,DET,30.6,158
2024,11770,JD Bertrand,LB,ATL,30.5,143
2024,8004,Devon Key,DB,DEN,30.5,159
2024,11034,Jalen Brooks,WR,ARI,30.5,132
2024,7559,Ihmir Smith-Marsette,WR,ARI,30.36,133
2024,10980,SirVocea Dennis,LB,TB,30.0,144
2024,8127,Charlie Kolar,TE,LAC,30.0,62
2024,10216,Kenny McIntosh,RB,SEA,29.82,96
2024,8145,Jeremy Ruckert,TE,NYJ,29.7,63
2024,8225,Daniel Bellinger,TE,TEN,29.6,64
2024,8635,Chandler Wooten,LB,,29.5,145
2024,8278,Christian Harris,LB,ATL,29.0,146
2024,10969,Owen Pappoe,LB,ARI,29.0,146
2024,6851,Julian Okwara,LB,CLE,29.0,146
2024,5753,Chris Board,LB,,28.5,149
2024,4063,Haason Reddick,LB,,28.5,149
2024,11640,Jermaine Burton,WR,,28.42,134
2024,8397,Juanyeh Thomas,DB,IND,28.28,160
2024,11429,Kaevon Merriweather,DB,HOU,28.02,161
2024,4189,Eric Saubert,TE,SEA,27.6,65
2024,9230,Tanner McKee,QB,PHI,27.55,48
2024,8220,Sincere McCormick,RB,SF,27.5,97
2024,6781,Isaiah Simmons,DB,CAR,27.5,162
2024,10875,Myles Murphy,DL,CIN,27.5,39
2024,8489,Drew Ogletree,TE,IND,27.5,66
2024,6284,Marcus Epps,DB,PHI,27.5,162
2024,3271,Tyler Higbee,TE,LAR,27.3,67
2024,12083,Winston Reid,LB,CLE,27.25,151
2024,5061,Uchenna Nwosu,LB,SEA,27.0,152
2024,5860,Johnathan Abram,DB,,26.75,164
2024,8380,Thomas Booker,DL,LV,26.5,40
2024,11210,Malik Heath,WR,ATL,26.2,135
2024,6814,Laviska Shenault,WR,,26.16,136
2024,8349,Jake Hansen,LB,HOU,26.0,153
2024,8371,Chad Muma,LB,NE,26.0,153
2024,12185,Spencer Shrader,K,IND,26.0,42
2024,6427,Ashton Dulin,WR,IND,25.92,137
2024,11619,Ja'Lynn Polk,WR,NO,25.6,138
2024,8287,David Ojabo,DL,MIA,25.5,41
2024,7713,Jaelon Darden,WR,,25.2,139
2024,2410,Jamison Crowder,WR,,24.54,140
2024,6119,Devin White,LB,,24.5,155
2024,10924,Zacch Pickens,DL,NYG,24.5,42
2024,7634,Jamin Davis,LB,PIT,24.0,156
2024,8372,DeAngelo Malone,DL,ATL,24.0,43
2024,5576,Ben Niemann,LB,,24.0,156
2024,7673,Chazz Surratt,LB,SEA,24.0,156
2024,6659,Craig Reynolds,RB,,23.82,98
2024,11371,Julian Hill,TE,NE,23.8,68
2024,7809,Avery Williams,RB,,23.72,99
2024,10225,Jonathan Mingo,WR,DAL,23.7,141
2024,8496,Theo Jackson,DB,MIN,23.57,165
2024,11003,Amari Burney,LB,,23.5,159
2024,11014,Kei'Trel Clark,DB,ARI,23.5,166
2024,3257,Jacoby Brissett,QB,ARI,23.3,49
2024,11577,Will Shipley,RB,PHI,23.22,100
2024,8204,Bo Melton,WR,GB,23.1,142
2024,11027,Alex Austin,DB,MIA,23.0,167
2024,6928,Kindle Vildor,DB,NE,23.0,167
2024,11557,Joe Milton,QB,DAL,22.75,50
2024,8160,Kenny Pickett,QB,CAR,22.55,51
2024,7842,Luke Farrell,TE,SF,22.5,69
2024,11847,James Williams,DB,TEN,22.5,169
2024,6294,Ty Summers,LB,,22.5,160
2024,5445,George Odum,DB,,22.5,169
2024,11694,Marshawn Kneeland,DL,,22.5,44
2024,6610,Demetrius Flannigan-Fowles,LB,BUF,22.0,161
2024,8200,Kevin Austin,WR,NO,22.0,143
2024,11713,McKinnley Jackson,DL,CIN,22.0,45
2024,10867,Jake Bobo,WR,SEA,21.9,144
2024,11808,Jha'Quan Jackson,WR,HOU,21.88,145
2024,11752,Jeremiah Trotter,LB,PHI,21.75,162
2024,11378,Jordan Mims,RB,,21.66,101
2024,9495,Rakim Jarrett,WR,,21.64,146
2024,11320,Nikko Remigio,WR,KC,21.56,147
2024,1875,C.J. Mosley,LB,,21.5,163
2024,11305,Claudin Cherelus,LB,CAR,21.5,163
2024,8370,Jordan Jackson,DL,DEN,21.5,46
2024,4191,Matt Milano,LB,,21.5,163
2024,11616,Jacob Cowing,WR,SF,21.48,148
2024,11748,Bub Means,WR,NO,21.4,149
2024,1837,Jimmy Garoppolo,QB,,21.1,52
2024,6416,Andrew Wingard,DB,ARI,21.0,171
2024,10900,Cam Smith,DB,,21.0,171
2024,11108,Anfernee Orji,LB,,21.0,166
2024,6850,Harrison Bryant,TE,,20.7,70
2024,827,Tyrod Taylor,QB,GB,20.55,53
2024,7451,Cam Gill,LB,CAR,20.5,167
2024,7662,Richie Grant,DB,,20.5,173
2024,8854,Tomon Fox,LB,LAR,20.5,167
2024,12397,Joe Andreessen,LB,BUF,20.5,167
2024,8181,Connor Heyward,TE,LV,20.4,71
2024,8306,John Ridgeway,DL,NO,20.0,47
2024,11593,Brevyn Spann-Ford,TE,DAL,19.9,72
2024,11339,Brandon Joseph,DB,,19.5,174
2024,10992,Yasir Abdullah,LB,JAX,19.5,170
2024,8300,Andrew Booth,DB,,19.5,174
2024,7788,Victor Dimukeje,LB,,19.5,170
2024,8273,Phidarian Mathis,DL,BUF,19.5,48
2024,11816,Javontae Jean-Baptiste,DL,WAS,19.5,48
2024,7535,Hunter Long,TE,JAX,19.3,73
2024,10218,Xavier Hutchinson,WR,HOU,19.28,150
2024,8318,Jayden Peevy,DL,,19.25,50
2024,8383,Cameron Thomas,DL,ATL,19.0,51
2024,8726,Brenden Schooler,DB,NE,19.0,176
2024,3976,Mitchell Trubisky,QB,TEN,18.85,54
2024,4163,Jalen Reeves-Maybin,LB,,18.7,172
2024,11454,Otis Reese,LB,NE,18.55,173
2024,8375,Kalia Davis,DL,CLE,18.05,52
2024,6222,Ka'dar Hollman,DB,,18.0,177
2024,11168,Xavier Smith,WR,LAR,17.56,151
2024,8195,Ronnie Rivers,RB,LAR,17.5,102
2024,5154,Trent Sherfield,WR,BUF,17.5,152
2024,11765,Kris Abrams-Draine,DB,DEN,17.43,178
2024,5318,Ja'Whaun Bentley,LB,,17.25,174
2024,6476,D'Angelo Ross,DB,CLE,17.0,179
2024,8376,Alex Wright,DL,CLE,17.0,53
2024,11201,Blake Whiteheart,TE,CLE,17.0,74
2024,7757,Ben Skowronek,WR,PIT,16.9,153
2024,10228,Charlie Jones,WR,CIN,16.86,154
2024,10958,Dylan Horton,DL,HOU,16.5,54
2024,10962,Kelee Ringo,DB,PHI,16.5,180
2024,5695,Brandon Powell,WR,,16.46,155
2024,11959,Bryce Oliver,WR,TEN,16.42,156
2024,11895,Mason Tipton,WR,NO,16.34,157
2024,7597,Kenny Yeboah,TE,ARI,16.2,75
2024,7844,Sam Kamara,LB,CLE,16.0,175
2024,5959,Mike Edwards,DB,,16.0,181
2024,7635,Jaelan Phillips,LB,CAR,16.0,175
2024,8000,Zayne Anderson,DB,MIA,15.95,182
2024,2446,MyCole Pruitt,TE,,15.9,76
2024,11035,Jordon Riley,DL,GB,15.5,55
2024,4973,Hayden Hurst,TE,,15.5,77
2024,8328,Nephi Sewell,LB,CHI,15.5,177
2024,7075,Charlie Woerner,TE,ATL,15.4,78
2024,11820,Devin Culp,TE,TB,15.3,79
2024,7720,Kene Nwangwu,RB,NYJ,15.28,103
2024,7536,Quintin Morris,TE,JAX,15.1,80
2024,7716,John Bates,TE,WAS,15.1,80
2024,8839,Luke Masterson,LB,,15.0,178
2024,7726,Derrick Barnes,LB,DET,15.0,178
2024,11315,Cam Jones,LB,NYG,15.0,178
2024,6211,Sione Takitaki,LB,,15.0,178
2024,3254,Nick Vigil,LB,,15.0,178
2024,10957,Adetomiwa Adebawore,DL,IND,15.0,56
2024,11658,Darius Robinson,DL,ARI,15.0,56
2024,11377,Tyrell Shavers,WR,BUF,14.8,158
2024,8569,Arron Mosby,LB,GB,14.75,183
2024,11762,Anthony Gould,WR,IND,14.74,159
2024,5055,M.J. Stewart,DB,HOU,14.5,183
2024,7066,K.J. Osborn,WR,TEN,14.5,160
2024,8494,James Houston,LB,DAL,14.5,184
2024,11336,Eku Leota,LB,ARI,14.5,184
2024,11615,Ainias Smith,WR,CAR,14.38,161
2024,4443,Pharaoh Brown,TE,,14.2,82
2024,2429,Kwon Alexander,LB,,14.0,186
2024,11742,Cedric Gray,LB,TEN,14.0,186
2024,6947,K'Von Wallace,DB,BAL,14.0,184
2024,4133,John Johnson,DB,,14.0,184
2024,9511,Keaton Mitchell,RB,LAC,13.94,104
2024,6984,Tony Jones,RB,,13.9,105
2024,5008,Durham Smythe,TE,BAL,13.9,83
2024,11596,Ben Sinnott,TE,WAS,13.8,84
2024,5161,Ezekiel Turner,LB,,13.75,188
2024,11783,Ryan Flournoy,WR,DAL,13.7,162
2024,10919,Sydney Brown,DB,ATL,13.53,186
2024,11963,Chris Collier,RB,LV,13.14,106
2024,4080,Zay Jones,WR,,13.1,163
2024,8733,Jake Hummel,LB,HOU,13.0,189
2024,7812,Simi Fehoko,WR,ARI,13.0,164
2024,12057,Maema Njongmeta,LB,CAR,13.0,189
2024,8250,Tay Martin,WR,DET,12.8,165
2024,5848,Marquise Brown,WR,PHI,12.7,166
2024,12132,Josh Wallace,DB,LAR,12.5,187
2024,3048,Chris Manhertz,TE,NYG,12.2,85
2024,6798,Jalen Reagor,WR,MIA,12.18,167
2024,11729,Sione Vaki,RB,DET,12.1,107
2024,7012,Mykal Walker,LB,NYJ,12.0,191
2024,11297,Dyontae Johnson,LB,,12.0,191
2024,12238,Eric Watts,DL,NYJ,12.0,58
2024,7807,Nick Niemann,LB,GB,12.0,191
2024,11608,Isaiah Williams,WR,NYJ,11.88,168
2024,11636,Johnny Wilson,WR,PHI,11.8,169
2024,10214,Davis Allen,TE,LAR,11.8,86
2024,9481,Luke Musgrave,TE,GB,11.8,86
2024,8347,Eyioma Uwazurike,DL,DEN,11.75,59
2024,9505,Deuce Vaughn,RB,,11.7,108
2024,5534,Elijah Campbell,DB,NYG,11.5,188
2024,4084,Tyus Bowser,LB,,11.5,194
2024,10929,Drew Sanders,LB,DEN,11.5,194
2024,10966,Robert Beal,LB,MIA,11.5,194
2024,8519,Deane Leonard,DB,LAC,11.5,188
2024,2381,Chris Conley,WR,,11.5,170
2024,7612,Dee Eskridge,WR,,11.44,171
2024,5880,Parris Campbell,WR,,11.4,172
2024,4089,Gerald Everett,TE,,11.3,88
2024,6946,Myles Bryant,DB,CLE,11.0,190
2024,8691,Vi Jones,LB,,11.0,197
2024,3192,Artie Burns,DB,,11.0,190
2024,9497,Jalin Hyatt,WR,NYG,10.9,173
2024,7610,Trey Lance,QB,LAC,10.8,55
2024,8159,Desmond Ridder,QB,,10.8,55
2024,6402,Steven Sims,WR,,10.78,174
2024,4951,DJ Chark,WR,,10.7,175
2024,8885,Tucker Fisk,TE,,10.7,89
2024,8253,Deven Thompkins,WR,,10.62,176
2024,8197,Peyton Hendershot,TE,,10.6,90
2024,8391,Dominique Robinson,DL,HOU,10.5,60
2024,8327,Amare Barno,DL,,10.5,60
2024,8276,Jalyn Armour-Davis,DB,,10.5,192
2024,6957,James Proche,WR,,10.44,177
2024,5284,Jeff Wilson,RB,,10.4,109
2024,5257,Tim Boyle,QB,,10.4,57
2024,11897,Jermaine Jackson,WR,,10.2,178
2024,7827,Darrick Forrest,DB,SF,10.0,193
2024,1079,Tashaun Gipson,DB,,10.0,193
2024,8202,Michael Woods,WR,DEN,9.8,179
2024,8208,Tyler Badie,RB,DEN,9.7,110
2024,11716,Tip Reiman,TE,ARI,9.6,91
2024,8414,Britain Covey,WR,PHI,9.54,180
2024,12050,Dee Williams,DB,,9.52,195
2024,6820,Clyde Edwards-Helaire,RB,,9.5,111
2024,11809,Marcellas Dial,DB,NE,9.5,196
2024,5519,Tavierre Thomas,DB,MIN,9.4,197
2024,4854,River Cracraft,WR,,9.4,181
2024,9490,Tyler Scott,WR,LAR,9.18,182
2024,2078,Odell Beckham,WR,NYG,9.1,183
2024,11757,Edefuan Ulofoshio,LB,CLE,9.0,198
2024,7197,Kristian Welch,LB,GB,9.0,198
2024,7936,Amen Ogbongbemiga,LB,,9.0,198
2024,6140,Kendall Sheffield,DB,,9.0,198
2024,8620,Segun Olubi,LB,LV,8.95,201
2024,6290,Scotty Miller,WR,CHI,8.9,184
2024,5121,Braxton Berrios,WR,NYG,8.66,185
2024,7438,Kristian Wilkerson,WR,,8.6,186
2024,11629,Devontez Walker,WR,BAL,8.5,187
2024,8517,Rodney Thomas,LB,SEA,8.5,202
2024,11844,Myles Cole,LB,NO,8.5,202
2024,8332,Matthew Butler,DL,MIA,8.5,62
2024,5830,Sam Eguavoen,LB,,8.5,202
2024,11251,Shaka Heyward,LB,CIN,8.5,202
2024,11570,Rasheen Ali,RB,BAL,8.38,112
2024,11082,Ben Sims,TE,MIA,8.3,92
2024,11292,Tommy DeVito,QB,NE,8.25,58
2024,5691,Mike Ford,DB,ATL,8.0,199
2024,8344,Jonathan Ford,DL,GB,8.0,63
2024,6012,Travis Homer,RB,PIT,7.86,113
2024,12062,Cam Grandy,TE,CIN,7.8,93
2024,8135,Treylon Burks,WR,WAS,7.64,188
2024,11304,E.J. Jenkins,TE,PHI,7.6,94
2024,5452,J.T. Gray,DB,PHI,7.5,200
2024,11441,Thomas Incoom,LB,CAR,7.5,206
2024,11790,Nathaniel Watson,LB,CLE,7.5,206
2024,8525,Mark Robinson,LB,,7.5,206
2024,6056,Dre Greenlaw,LB,SF,7.5,206
2024,6234,Deonte Harty,WR,,7.32,189
2024,8172,Greg Dulcich,TE,MIA,7.3,95
2024,7039,Cody White,WR,SEA,7.2,190
2024,6588,Tom Kennedy,WR,DET,7.04,191
2024,8013,Tim Jones,WR,JAX,7.02,192
2024,11689,Ennis Rakestraw,DB,DET,7.0,201
2024,10220,Will Mallory,TE,IND,7.0,96
2024,11121,AJ Finley,DB,SEA,7.0,201
2024,7585,Davis Mills,QB,HOU,6.8,59
2024,5328,Tremon Smith,DB,HOU,6.8,203
2024,5209,Mike Boone,RB,,6.6,114
2024,7531,Feleipe Franks,TE,CAR,6.6,97
2024,11583,Jonathon Brooks,RB,CAR,6.6,114
2024,8389,Akayleb Evans,DB,CAR,6.5,204
2024,4974,Terrell Edmunds,DB,,6.5,204
2024,7053,Daniel Thomas,DB,CLE,6.5,204
2024,7364,Blake Lynch,LB,,6.5,210
2024,6348,Del'Shawn Phillips,LB,LAC,6.5,210
2024,10906,JuJu Brents,DB,MIA,6.5,204
2024,8398,Jermaine Johnson,LB,TEN,6.5,210
2024,8795,D'Anthony Bell,DB,SEA,6.5,204
2024,10215,Jake Haener,QB,,6.4,60
2024,8809,Aaron Shampklin,RB,,6.34,116
2024,8188,Tyquan Thornton,WR,KC,6.3,193
2024,8342,Esezi Otomewo,DL,PIT,6.25,64
2024,6973,J.J. Taylor,RB,,6.2,117
2024,8367,D'Marco Jackson,LB,CHI,6.0,213
2024,11842,Tatum Bethune,LB,SF,6.0,213
2024,9499,Bryce Ford-Wheaton,WR,,6.0,194
2024,3433,Alex Erickson,WR,,5.88,195
2024,3357,Brandon Allen,QB,NYG,5.55,61
2024,11394,Mitchell Agude,LB,,5.5,215
2024,10909,Isaiah Foskey,DL,CIN,5.5,65
2024,8520,Daniel Hardy,LB,CHI,5.5,215
2024,11025,Jalen Graham,DB,SF,5.5,209
2024,11606,Dallin Holker,TE,,5.3,98
2024,7565,Terrace Marshall,WR,MIA,5.3,196
2024,11617,Malachi Corley,WR,CLE,5.1,197
2023,4034,Christian McCaffrey,RB,SF,414.8,1
2023,BAL,Baltimore Ravens,DEF,BAL,410.14,1
2023,4984,Josh Allen,QB,BUF,406.5,1
2023,DAL,Dallas Cowboys,DEF,DAL,372.54,2
2023,6786,CeeDee Lamb,WR,DAL,371.6,1
2023,3321,Tyreek Hill,WR,,366.6,2
2023,CLE,Cleveland Browns,DEF,CLE,366.06,3
2023,BUF,Buffalo Bills,DEF,BUF,366.06,3
2023,NYJ,New York Jets,DEF,NYJ,361.24,5
2023,MIA,Miami Dolphins,DEF,MIA,360.14,6
2023,6904,Jalen Hurts,QB,PHI,354.9,2
2023,3294,Dak Prescott,QB,DAL,342.5,3
2023,4881,Lamar Jackson,QB,BAL,336.8,4
2023,SF,San Francisco 49ers,DEF,SF,336.6,7
2023,KC,Kansas City Chiefs,DEF,KC,334.34,8
2023,PIT,Pittsburgh Steelers,DEF,PIT,323.58,9
2023,8183,Brock Purdy,QB,SF,318.1,5
2023,NO,New Orleans Saints,DEF,NO,314.92,10
2023,HOU,Houston Texans,DEF,HOU,314.5,11
2023,7547,Amon-Ra St. Brown,WR,DET,312.4,3
2023,LV,Las Vegas Raiders,DEF,LV,307.34,12
2023,6804,Jordan Love,QB,GB,303.75,6
2023,TB,Tampa Bay Buccaneers,DEF,TB,301.84,13
2023,JAX,Jacksonville Jaguars,DEF,JAX,301.1,14
2023,NYG,New York Giants,DEF,NYG,294.7,15
2023,DEN,Denver Broncos,DEF,DEN,293.96,16
2023,MIN,Minnesota Vikings,DEF,MIN,291.74,17
2023,IND,Indianapolis Colts,DEF,IND,291.48,18
2023,3163,Jared Goff,QB,DET,290.45,7
2023,8155,Breece Hall,RB,NYJ,289.7,2
2023,7543,Travis Etienne,RB,NO,288.8,3
2023,8150,Kyren Williams,RB,LAR,287.26,4
2023,GB,Green Bay Packers,DEF,GB,284.68,19
2023,2749,Raheem Mostert,RB,,284.6,5
2023,6768,Tua Tagovailoa,QB,ATL,283.2,8
2023,CHI,Chicago Bears,DEF,CHI,282.44,20
2023,4046,Patrick Mahomes,QB,KC,280.85,9
2023,NE,New England Patriots,DEF,NE,276.96,21
2023,3198,Derrick Henry,RB,BAL,276.3,6
2023,9493,Puka Nacua,WR,LAR,275.7,4
2023,9758,C.J. Stroud,QB,HOU,274.9,10
2023,4070,T.J. Watt,LB,PIT,272.45,1
2023,LAC,Los Angeles Chargers,DEF,LAC,268.7,22
2023,DET,Detroit Lions,DEF,DET,268.68,23
2023,8136,Rachaad White,RB,WAS,267.7,7
2023,CIN,Cincinnati Bengals,DEF,CIN,267.32,24
2023,4018,Joe Mixon,RB,,267.0,8
2023,4983,DJ Moore,WR,BUF,265.8,5
2023,5859,A.J. Brown,WR,NE,265.0,6
2023,5332,Foyesade Oluokun,LB,JAX,264.35,2
2023,SEA,Seattle Seahawks,DEF,SEA,260.6,25
2023,4892,Baker Mayfield,QB,TB,260.3,11
2023,10859,Sam LaPorta,TE,DET,259.8,1
2023,2216,Mike Evans,WR,SF,256.6,7
2023,PHI,Philadelphia Eagles,DEF,PHI,255.36,26
2023,ATL,Atlanta Falcons,DEF,ATL,253.8,27
2023,7523,Trevor Lawrence,QB,JAX,251.9,12
2023,9509,Bijan Robinson,RB,ATL,250.72,9
2023,2036,Khalil Mack,LB,LAC,249.0,3
2023,8138,James Cook,RB,BUF,246.0,10
2023,1466,Travis Kelce,TE,KC,245.6,2
2023,7569,Nico Collins,WR,HOU,245.5,8
2023,4066,Evan Engram,TE,DEN,244.9,3
2023,1479,Keenan Allen,WR,,244.55,9
2023,6803,Brandon Aiyuk,WR,SF,243.2,10
2023,2449,Stefon Diggs,WR,,241.2,11
2023,2028,Derek Carr,QB,,241.0,13
2023,6888,Antoine Winfield,DB,TB,240.7,1
2023,TEN,Tennessee Titans,DEF,TEN,240.68,28
2023,8311,Terrel Bernard,LB,BUF,238.78,4
2023,5872,Deebo Samuel,WR,,238.36,12
2023,5844,T.J. Hockenson,TE,MIN,237.5,4
2023,9221,Jahmyr Gibbs,RB,DET,237.1,11
2023,1234,Russell Wilson,QB,,237.1,14
2023,5892,David Montgomery,RB,HOU,237.0,12
2023,1233,Bobby Wagner,LB,,236.75,5
2023,7564,Ja'Marr Chase,WR,CIN,235.95,13
2023,421,Matthew Stafford,QB,LAR,235.85,15
2023,2617,Alex Singleton,LB,DEN,235.5,6
2023,4217,George Kittle,TE,SF,235.3,5
2023,5346,Zaire Franklin,LB,GB,234.75,7
2023,5944,Bobby Okereke,LB,,233.8,8
2023,5960,T.J. Edwards,LB,CHI,229.85,9
2023,4866,Saquon Barkley,RB,PHI,227.8,13
2023,5017,Jessie Bates,DB,ATL,224.88,2
2023,4137,James Conner,RB,ARI,224.1,14
2023,6214,Quincy Williams,LB,CLE,223.28,10
2023,6797,Justin Herbert,QB,LAC,222.3,16
2023,2133,Davante Adams,WR,LAR,222.1,14
2023,8205,Isiah Pacheco,RB,DET,222.0,15
2023,4033,David Njoku,TE,LAC,221.6,6
2023,5041,Fred Warner,LB,SF,220.9,11
2023,2309,Amari Cooper,WR,,220.3,15
2023,5967,Tony Pollard,RB,TEN,219.3,16
2023,8143,Jerome Ford,RB,WAS,217.7,17
2023,1373,Geno Smith,QB,NYJ,216.9,17
2023,LAR,Los Angeles Rams,DEF,LAR,214.06,29
2023,8151,Kenneth Walker,RB,KC,211.9,18
2023,7528,Najee Harris,RB,,211.6,19
2023,5726,Robert Spillane,LB,NE,210.57,12
2023,9226,De'Von Achane,RB,MIA,209.8,20
2023,CAR,Carolina Panthers,DEF,CAR,209.76,30
2023,4981,Calvin Ridley,WR,TEN,208.7,16
2023,4960,Roquan Smith,LB,BAL,208.0,13
2023,6790,D'Andre Swift,RB,CHI,207.8,21
2023,8144,Chris Olave,WR,NO,207.1,17
2023,5846,DK Metcalf,WR,PIT,206.8,18
2023,4035,Alvin Kamara,RB,NO,206.5,22
2023,8162,Sam Howell,QB,DAL,205.4,18
2023,8130,Trey McBride,TE,ARI,204.9,7
2023,1192,Lavonte David,LB,,204.25,14
2023,8137,George Pickens,WR,DAL,204.08,19
2023,6819,Michael Pittman,WR,PIT,204.0,20
2023,7591,Justin Fields,QB,KC,203.6,19
2023,6880,Logan Wilson,LB,,203.55,15
2023,1426,DeAndre Hopkins,WR,,203.1,21
2023,6485,Azeez Al-Shaair,LB,HOU,203.0,16
2023,8154,Brian Robinson,RB,ATL,202.8,23
2023,7715,Cam Bynum,DB,IND,202.75,3
2023,5248,Gus Edwards,RB,,202.6,24
2023,9756,Jordan Addison,WR,MIN,201.4,22
2023,7672,Ernest Jones,LB,SEA,199.75,17
2023,6826,Cole Kmet,TE,CHI,199.6,8
2023,6807,Patrick Queen,LB,PIT,199.28,18
2023,8476,DaRon Bland,DB,DAL,199.22,4
2023,4118,Alex Anzalone,LB,TB,198.5,19
2023,1052,Demario Davis,LB,NYJ,196.25,20
2023,5850,Josh Jacobs,RB,GB,195.2,25
2023,7525,DeVonta Smith,WR,PHI,194.5,23
2023,1875,C.J. Mosley,LB,,193.25,21
2023,10222,Jayden Reed,WR,GB,191.66,24
2023,6794,Justin Jefferson,WR,MIN,191.3,25
2023,5580,Frankie Luvu,LB,WAS,191.25,22
2023,4971,Derwin James,DB,LAC,191.15,5
2023,6788,Xavier McKinney,DB,GB,190.98,6
2023,8289,Aidan Hutchinson,DL,DET,190.4,1
2023,6130,Devin Singletary,RB,NYG,189.1,26
2023,11533,Brandon Aubrey,K,DAL,188.0,1
2023,8110,Jake Ferguson,TE,DAL,188.0,9
2023,7640,Micah Parsons,LB,GB,187.0,23
2023,7594,Chuba Hubbard,RB,CAR,186.9,27
2023,8339,Kyle Hamilton,DB,BAL,185.62,7
2023,8228,Jaylen Warren,RB,PIT,184.7,28
2023,4967,Bradley Chubb,LB,BUF,184.55,24
2023,1689,Adam Thielen,WR,,184.3,26
2023,6845,Zack Moss,RB,,182.7,29
2023,6302,Kaden Elliss,LB,NO,182.5,25
2023,2350,Eric Kendricks,LB,,181.75,26
2023,6901,Joshua Metellus,DB,MIN,180.82,8
2023,10229,Rashee Rice,WR,KC,180.2,27
2023,10891,Devon Witherspoon,DB,SEA,179.43,9
2023,4663,Austin Ekeler,RB,,179.2,30
2023,6011,Gardner Minshew,QB,ARI,179.15,20
2023,6949,Jordyn Brooks,LB,MIA,178.25,27
2023,5947,Jakobi Meyers,WR,JAX,177.8,28
2023,5876,Julian Love,DB,SEA,177.75,10
2023,ARI,Arizona Cardinals,DEF,ARI,177.62,31
2023,7526,Jaylen Waddle,WR,DEN,177.2,29
2023,8406,Reed Blankenship,DB,HOU,175.43,11
2023,5927,Terry McLaurin,WR,WAS,175.3,30
2023,7651,Jeremiah Owusu-Koramoah,LB,CLE,174.95,28
2023,8146,Garrett Wilson,WR,NYJ,174.4,31
2023,4037,Chris Godwin,WR,TB,173.6,32
2023,WAS,Washington Commanders,DEF,WAS,173.56,32
2023,8286,Dax Hill,DB,CIN,173.25,12
2023,4179,Joshua Dobbs,QB,,173.0,21
2023,7588,Javonte Williams,RB,DAL,172.7,31
2023,9997,Zay Flowers,WR,BAL,170.5,33
2023,4968,Tremaine Edmunds,LB,NYG,170.03,29
2023,6813,Jonathan Taylor,RB,IND,169.4,32
2023,5036,Justin Reid,DB,NO,168.78,13
2023,6811,Kenneth Murray,LB,,168.5,30
2023,8676,Rashid Shaheed,WR,SEA,168.12,34
2023,8159,Desmond Ridder,QB,,166.9,22
2023,8329,Devin Lloyd,LB,CAR,165.82,31
2023,6872,Kyle Dugger,DB,CIN,164.62,14
2023,5001,Dalton Schultz,TE,HOU,164.6,10
2023,4381,Taysom Hill,TE,,164.37,11
2023,6083,Matt Gay,K,LV,164.0,2
2023,3164,Ezekiel Elliott,RB,,163.8,33
2023,2020,Cairo Santos,K,CHI,163.0,3
2023,9502,Tank Dell,WR,HOU,162.66,35
2023,4195,Jake Elliott,K,PHI,162.0,4
2023,2747,Jason Myers,K,SEA,162.0,4
2023,5894,Germaine Pratt,LB,,161.72,32
2023,6056,Dre Greenlaw,LB,SF,161.57,33
2023,4449,Nicholas Morrow,LB,,161.0,34
2023,5318,Ja'Whaun Bentley,LB,,160.75,35
2023,5030,Harold Landry,LB,NE,160.75,35
2023,6183,Andrew Van Ginkel,LB,MIN,160.05,37
2023,1264,Justin Tucker,K,,160.0,6
2023,10236,Dalton Kincaid,TE,BUF,160.0,12
2023,2374,Tyler Lockett,WR,,159.5,36
2023,4227,Harrison Butker,K,KC,159.0,7
2023,8266,Quay Walker,LB,LV,158.68,38
2023,7136,Kam Curl,DB,LAR,158.5,15
2023,5375,Jordan Whitehead,DB,,158.4,16
2023,7662,Richie Grant,DB,,158.1,17
2023,8259,Cameron Dicker,K,LAC,158.0,8
2023,5045,Courtland Sutton,WR,DEN,157.8,37
2023,8398,Jermaine Johnson,LB,TEN,157.68,39
2023,8323,Jaquan Brisker,DB,PIT,157.5,18
2023,6943,Gabe Davis,WR,,157.5,38
2023,7765,Jonathon Cooper,DL,DEN,157.22,2
2023,8659,Nate Landman,LB,LAR,157.12,40
2023,3233,Kevin Byard,DB,NE,157.0,19
2023,8364,Trent McDuffie,DB,LAR,157.0,19
2023,6218,E.J. Speed,LB,HOU,156.5,41
2023,2389,Jordan Hicks,LB,,155.27,42
2023,1348,Dustin Hopkins,K,,155.0,9
2023,1166,Kirk Cousins,QB,LV,154.45,23
2023,4039,Cooper Kupp,WR,SEA,153.1,39
2023,4180,Rayshawn Jenkins,DB,,152.05,21
2023,11058,Blake Grupe,K,IND,152.0,10
2023,6179,Jahlani Tavai,LB,,151.55,43
2023,7553,Kyle Pitts,TE,ATL,151.1,13
2023,5022,Dallas Goedert,TE,PHI,151.0,14
2023,1433,Brandon McManus,K,,151.0,11
2023,8396,Micah McFadden,LB,NYG,150.38,44
2023,6711,Jalen Thompson,DB,DAL,150.22,22
2023,5119,Jason Sanders,K,NYJ,150.0,12
2023,8355,Kayvon Thibodeaux,DL,NYG,149.75,3
2023,7044,Julian Blackmon,DB,NO,149.53,23
2023,8278,Christian Harris,LB,ATL,149.5,45
2023,7659,Tre'von Moehrig,DB,CAR,149.03,24
2023,5334,Josey Jewell,LB,,148.75,46
2023,8112,Drake London,WR,ATL,148.2,40
2023,6968,Jordan Fuller,DB,,147.97,25
2023,8132,Tyler Allgeier,RB,ARI,147.9,34
2023,10905,Brian Branch,DB,DET,147.57,26
2023,8348,Kerby Joseph,DB,DET,147.43,27
2023,6065,Cody Barton,LB,TEN,147.43,47
2023,1266,Greg Zuerlein,K,,147.0,13
2023,7839,Evan McPherson,K,CIN,147.0,13
2023,9508,Tyjae Spears,RB,TEN,146.9,35
2023,3369,Elandon Roberts,LB,,146.75,48
2023,2197,Brandin Cooks,WR,,146.3,41
2023,6217,Blake Cashman,LB,MIN,145.55,49
2023,8333,Alontae Taylor,DB,TEN,145.4,28
2023,1213,Harrison Smith,DB,,144.0,29
2023,11086,Ivan Pace,LB,MIN,143.9,50
2023,7113,Alex Highsmith,LB,PIT,143.75,51
2023,4199,Aaron Jones,RB,MIN,143.6,36
2023,7671,Benjamin St-Juste,DB,GB,143.5,30
2023,8343,Boye Mafe,DL,CIN,143.07,4
2023,6650,Chase McLaughlin,K,TB,143.0,15
2023,4144,Jonnu Smith,TE,,142.1,15
2023,8121,Romeo Doubs,WR,NE,142.0,42
2023,6111,Jake Browning,QB,TB,141.5,24
2023,10917,Byron Young,LB,LAR,141.5,52
2023,5012,Mark Andrews,TE,BAL,141.5,16
2023,7611,Rhamondre Stevenson,RB,NE,140.5,37
2023,6946,Myles Bryant,DB,CLE,140.29,31
2023,4666,Younghoe Koo,K,,140.0,16
2023,4063,Haason Reddick,LB,,140.0,53
2023,6770,Joe Burrow,QB,CIN,139.65,25
2023,5928,David Long,LB,,139.0,54
2023,8303,Roger McCreary,DB,DET,138.95,32
2023,17,Matt Prater,K,,138.0,17
2023,1945,Chris Boswell,K,PIT,138.0,17
2023,1343,Jordan Poyer,DB,,137.0,33
2023,7042,Tyler Bass,K,BUF,136.0,19
2023,7819,Deommodore Lenoir,DB,SF,135.72,34
2023,5987,Alexander Mattison,RB,,135.2,38
2023,6119,Devin White,LB,,135.15,55
2023,7677,Divine Deablo,LB,ATL,135.0,56
2023,3262,Justin Simmons,DB,,134.65,35
2023,8309,Damone Clark,LB,DET,134.5,57
2023,5908,Amani Hooker,DB,TEN,134.05,36
2023,650,Nick Folk,K,ATL,134.0,20
2023,5849,Kyler Murray,QB,MIN,133.35,26
2023,7634,Jamin Davis,LB,PIT,133.0,58
2023,2251,Logan Thomas,TE,,132.4,17
2023,10937,Jake Moody,K,WAS,132.0,21
2023,6149,Darius Slayton,WR,NYG,132.0,43
2023,1576,Tyrann Mathieu,DB,,131.55,37
2023,8385,George Karlaftis,DL,KC,131.25,5
2023,4950,Christian Kirk,WR,SF,131.03,44
2023,8265,Travon Walker,LB,JAX,131.0,59
2023,5133,Tyler Conklin,TE,DET,130.6,18
2023,4082,Curtis Samuel,WR,,130.2,45
2023,3678,Wil Lutz,K,DEN,130.0,22
2023,9500,Josh Downs,WR,IND,129.78,46
2023,6141,Drue Tranquill,LB,KC,129.75,60
2023,5839,Rashan Gary,LB,DAL,129.0,61
2023,6799,Grant Delpit,DB,CLE,128.1,38
2023,3214,Hunter Henry,TE,NE,127.2,19
2023,7069,Alohi Gilman,DB,KC,126.8,39
2023,2501,Quandre Diggs,DB,,126.53,40
2023,5348,Kyzir White,LB,,126.5,62
2023,4056,Jabrill Peppers,DB,,126.39,41
2023,2343,Preston Smith,LB,,126.0,63
2023,7685,Brandon Stephens,DB,NYJ,125.9,42
2023,7608,Khalil Herbert,RB,,125.7,39
2023,5937,Diontae Johnson,WR,,125.6,47
2023,6923,Geno Stone,DB,BUF,125.53,43
2023,8390,Martin Emerson,DB,NO,124.62,44
2023,6801,Tee Higgins,WR,CIN,124.4,48
2023,8860,Tony Adams,DB,TEN,123.75,45
2023,8399,Markquese Bell,DB,DAL,123.5,46
2023,5056,Jerome Baker,LB,,123.33,64
2023,6828,AJ Dillon,RB,CAR,123.2,40
2023,11008,Anders Carlson,K,,123.0,23
2023,6291,Donovan Wilson,DB,,123.0,47
2023,4098,Kareem Hunt,RB,,123.0,41
2023,7647,Pete Werner,LB,NO,122.83,65
2023,8111,Cade Otton,TE,TB,122.3,20
2023,5095,Daniel Carlson,K,,122.0,24
2023,2505,Darren Waller,TE,,121.5,21
2023,6945,Antonio Gibson,RB,,121.2,42
2023,6947,K'Von Wallace,DB,BAL,121.05,48
2023,5272,Greg Joseph,K,,121.0,25
2023,3174,Leonard Floyd,LB,,120.75,66
2023,8210,Chig Okonkwo,TE,WAS,120.7,22
2023,8314,Jalen Pitre,DB,HOU,120.55,49
2023,10892,Will Anderson,DL,HOU,120.0,6
2023,3271,Tyler Higbee,TE,LAR,118.8,23
2023,7666,Jevon Holland,DB,NYG,118.58,50
2023,8341,Cam Taylor-Britt,DB,IND,118.12,51
2023,8680,Jack Gibbens,LB,ARI,118.0,67
2023,3451,Ka'imi Fairbairn,K,HOU,118.0,26
2023,5071,DeShon Elliott,DB,PIT,117.5,52
2023,4089,Gerald Everett,TE,,117.3,24
2023,6315,Tyrel Dodson,LB,MIA,117.25,68
2023,10878,Deonte Banks,DB,NYG,117.15,53
2023,9488,Jaxon Smith-Njigba,WR,SEA,115.0,49
2023,5520,Jonathan Owens,DB,IND,114.17,54
2023,6783,Jerry Jeudy,WR,CLE,113.4,50
2023,8280,Nik Bonitto,LB,DEN,112.5,69
2023,19,Joe Flacco,QB,CIN,112.2,27
2023,3225,Tyler Boyd,WR,,112.1,51
2023,5158,Dennis Gardeck,LB,JAX,112.05,70
2023,4110,Zach Cunningham,LB,,111.5,71
2023,4078,Adoree' Jackson,DB,,111.4,55
2023,5189,Eddy Pineiro,K,SF,111.0,27
2023,10880,Jack Campbell,LB,DET,111.0,72
2023,10898,Tuli Tuipulotu,DL,LAC,110.75,7
2023,1999,Shaquil Barrett,LB,,109.85,73
2023,3399,Jayron Kearse,DB,,109.55,56
2023,4081,Budda Baker,DB,ARI,108.0,57
2023,8230,Ty Chandler,RB,NO,107.98,43
2023,5848,Marquise Brown,WR,PHI,107.8,52
2023,10927,Jordan Battle,DB,CIN,107.5,58
2023,7698,Andre Cisco,DB,NYJ,107.45,59
2023,8134,Khalil Shakir,WR,BUF,107.2,53
2023,2130,Kyle Van Noy,LB,,107.0,74
2023,7782,Isaiah McDuffie,LB,GB,106.75,75
2023,5995,Justice Hill,RB,BAL,106.66,44
2023,8389,Akayleb Evans,DB,CAR,106.53,60
2023,8487,Christian Benford,DB,BUF,105.7,61
2023,7635,Jaelan Phillips,LB,CAR,105.38,76
2023,7002,Juwan Johnson,TE,NO,105.1,25
2023,4171,Josh Reynolds,WR,,104.8,54
2023,4223,Rudy Ford,DB,,104.75,62
2023,8131,Isaiah Likely,TE,NYG,104.6,26
2023,7023,Willie Gay,LB,MIA,103.12,77
2023,8374,Riq Woolen,DB,PHI,103.03,63
2023,10866,Aidan O'Connell,QB,LV,102.7,28
2023,8365,Kyler Gordon,DB,CHI,102.5,64
2023,6848,Anfernee Jennings,LB,NO,102.25,78
2023,7596,Elijah Moore,WR,PHI,102.02,55
2023,10921,Yaya Diaby,DL,TB,101.2,8
2023,7346,Christian Rozeboom,LB,TB,100.5,79
2023,8119,Jahan Dotson,WR,ATL,100.4,56
2023,6839,Jaylon Johnson,DB,CHI,100.12,65
2023,6211,Sione Takitaki,LB,,100.0,80
2023,6528,Joey Slye,K,TEN,100.0,28
2023,8384,Zyon McCollum,DB,TB,99.5,66
2023,4990,Shaquille Leonard,LB,,99.5,81
2023,8308,Derek Stingley,DB,HOU,99.42,67
2023,7562,Tutu Atwell,WR,MIA,98.5,57
2023,8129,Dameon Pierce,RB,PHI,98.4,45
2023,2353,Denzel Perryman,LB,LAC,98.25,82
2023,8126,Wan'Dale Robinson,WR,TEN,98.1,58
2023,7670,Joshua Palmer,WR,BUF,98.0,59
2023,9494,Marvin Mims,WR,DEN,97.76,60
2023,7066,K.J. Osborn,WR,TEN,97.7,61
2023,9486,Dontayvion Wicks,WR,PHI,97.1,62
2023,4147,Samaje Perine,RB,CIN,97.1,46
2023,9753,Zach Charbonnet,RB,SEA,97.1,46
2023,4951,DJ Chark,WR,,97.0,63
2023,8271,Derion Kendrick,DB,DAL,96.0,68
2023,4238,Xavier Woods,DB,,95.6,69
2023,4111,D'Onta Foreman,RB,,95.5,48
2023,2078,Odell Beckham,WR,NYG,95.5,64
2023,11427,Christian Izien,DB,DET,95.45,70
2023,4188,Damontae Kazee,DB,,95.45,70
2023,6419,P.J. Locke,DB,DAL,95.35,72
2023,11439,Jaleel McLaughlin,RB,DEN,95.0,49
2023,4234,Noah Brown,WR,,94.9,65
2023,10888,Jalen Carter,DL,PHI,94.55,9
2023,7726,Derrick Barnes,LB,DET,94.5,83
2023,8290,Sauce Gardner,DB,IND,94.5,73
2023,6937,Khaleke Hudson,LB,,94.5,83
2023,3634,Kalif Raymond,WR,CHI,93.84,66
2023,7021,Rico Dowdle,RB,PIT,93.64,50
2023,3276,De'Vondre Campbell,LB,,93.08,85
2023,3215,Xavien Howard,DB,,93.0,74
2023,5959,Mike Edwards,DB,,92.92,75
2023,8160,Kenny Pickett,QB,CAR,92.5,29
2023,10232,Michael Wilson,WR,ARI,92.2,67
2023,7600,Pat Freiermuth,TE,PIT,91.6,27
2023,10235,Roschon Johnson,RB,CHI,91.3,51
2023,2427,Za'Darius Smith,LB,,91.25,86
2023,2327,Bud Dupree,LB,LAC,90.75,87
2023,7601,Rondale Moore,WR,,90.24,68
2023,8362,Leo Chenal,LB,WAS,90.0,88
2023,7625,Joe Tryon-Shoyinka,LB,,89.5,89
2023,7922,Riley Patterson,K,MIA,89.0,29
2023,7567,Kenny Gainwell,RB,TB,88.71,52
2023,1079,Tashaun Gipson,DB,,88.65,76
2023,8363,Jack Sanborn,LB,CHI,88.55,90
2023,10894,DJ Turner,DB,CIN,88.2,77
2023,1525,Micah Hyde,DB,,88.1,78
2023,8167,Christian Watson,WR,GB,87.4,69
2023,6074,Donald Parham,TE,,87.3,28
2023,7811,Talanoa Hufanga,DB,DEN,87.2,79
2023,5409,Tanner Hudson,TE,CIN,86.8,29
2023,9228,Bryce Young,QB,CAR,86.65,30
2023,7527,Mac Jones,QB,SF,86.5,31
2023,8142,Alec Pierce,WR,IND,86.2,70
2023,6284,Marcus Epps,DB,PHI,86.03,80
2023,9484,Tucker Kraft,TE,GB,85.9,30
2023,3230,Vonn Bell,DB,,85.78,81
2023,6151,Miles Sanders,RB,,85.3,53
2023,8394,Percy Butler,DB,WAS,84.5,82
2023,4963,Minkah Fitzpatrick,DB,NYJ,84.5,82
2023,8139,Zamir White,RB,,84.3,54
2023,7637,Zaven Collins,LB,ARI,84.28,91
2023,11042,Carrington Valentine,DB,GB,83.75,84
2023,7602,Kylen Granson,TE,TEN,83.6,31
2023,4091,Marcus Williams,DB,,83.55,85
2023,5064,Tracy Walker,DB,,83.5,86
2023,9501,DeMario Douglas,WR,NE,83.34,71
2023,8330,Quentin Lake,DB,LAR,83.0,87
2023,9999,Will Levis,QB,TEN,82.9,32
2023,1476,Latavius Murray,RB,,82.1,55
2023,10955,Chad Ryland,K,ARI,82.0,30
2023,6781,Isaiah Simmons,DB,CAR,81.88,88
2023,827,Tyrod Taylor,QB,GB,81.75,33
2023,11306,Xavier Gipson,WR,NYG,81.6,72
2023,6911,Brandon Jones,DB,DEN,81.0,89
2023,10972,Terell Smith,DB,CHI,81.0,89
2023,2472,David Mayo,LB,,81.0,92
2023,5008,Durham Smythe,TE,BAL,80.6,32
2023,7648,Nick Bolton,LB,KC,80.53,93
2023,9482,Michael Mayer,TE,LV,80.2,33
2023,7268,Krys Barnes,LB,,80.15,94
2023,4454,Kendrick Bourne,WR,ARI,79.4,73
2023,8261,Jack Jones,DB,SF,79.22,91
2023,7538,Zach Wilson,QB,NO,78.85,34
2023,5857,Noah Fant,TE,NO,78.7,34
2023,544,Kareem Jackson,DB,,78.62,92
2023,9481,Luke Musgrave,TE,GB,78.3,35
2023,4958,Brett Maher,K,,78.0,31
2023,2325,Nelson Agholor,WR,,77.6,74
2023,10913,Joey Porter,DB,PIT,77.5,93
2023,8510,Russ Yeast,DB,CIN,77.5,93
2023,7828,Noah Gray,TE,KC,77.4,36
2023,8270,Devonte Wyatt,DL,GB,76.75,10
2023,3415,Jonathan Jones,DB,PHI,76.5,95
2023,3156,Joey Bosa,LB,,76.25,95
2023,9511,Keaton Mitchell,RB,LAC,76.2,56
2023,10906,JuJu Brents,DB,MIA,76.0,96
2023,4974,Terrell Edmunds,DB,,75.8,97
2023,5075,Ogbo Okoronkwo,LB,,75.75,96
2023,5970,Greg Dortch,WR,DET,75.6,75
2023,5021,Lorenzo Carter,LB,,75.47,97
2023,8325,Arnold Ebiketie,DL,PHI,75.0,11
2023,5374,Justin Watson,WR,HOU,74.8,76
2023,9492,Trey Palmer,WR,NO,74.6,77
2023,10970,Henry To'oTo'o,LB,HOU,74.5,98
2023,10885,Lukas Van Ness,DL,GB,74.0,12
2023,7681,Baron Browning,LB,ARI,73.75,99
2023,9754,Quentin Johnston,WR,LAC,73.5,78
2023,3286,Demarcus Robinson,WR,SF,73.2,79
2023,6220,Cole Holcomb,LB,PIT,73.0,100
2023,5757,Josh Woods,LB,,72.75,101
2023,4464,Nick Mullens,QB,JAX,72.7,35
2023,2161,Jerick McKinnon,RB,,72.3,57
2023,7626,Odafe Oweh,LB,WAS,72.0,102
2023,5038,Michael Gallup,WR,,71.9,80
2023,6145,Juan Thornhill,DB,,71.5,98
2023,4017,Deshaun Watson,QB,CLE,70.85,36
2023,4993,Mike Gesicki,TE,CIN,70.5,37
2023,7045,Joshua Kelley,RB,,70.24,58
2023,6855,Ashtyn Davis,DB,SF,70.08,99
2023,2267,Jimmie Ward,DB,,70.0,100
2023,3363,Kamu Grugier-Hill,LB,,69.78,103
2023,2429,Kwon Alexander,LB,,69.5,104
2023,8917,KaVontae Turpin,WR,DAL,69.44,81
2023,3181,Keanu Neal,LB,,69.3,105
2023,6131,Mack Wilson,LB,ARI,69.25,106
2023,10903,Quan Martin,DB,WAS,69.17,101
2023,1352,Robert Woods,WR,,69.08,82
2023,8932,Lucas Havrisik,K,GB,69.0,32
2023,8376,Alex Wright,DL,CLE,69.0,13
2023,10879,Calijah Kancey,DL,TB,69.0,13
2023,5121,Braxton Berrios,WR,NYG,68.84,83
2023,11199,Emari Demercado,RB,KC,68.5,59
2023,11014,Kei'Trel Clark,DB,ARI,68.5,102
2023,6301,Nick Scott,DB,CAR,68.5,102
2023,4216,Desmond King,DB,,68.48,104
2023,7496,Nick Westbrook-Ikhine,WR,IND,68.2,84
2023,8148,Jameson Williams,WR,DET,68.2,84
2023,3199,Michael Thomas,WR,,67.9,86
2023,8382,Kingsley Enagbare,DL,NYJ,67.5,15
2023,8104,Dee Alford,DB,BUF,67.42,105
2023,6820,Clyde Edwards-Helaire,RB,,67.4,60
2023,8294,Bryan Cook,DB,CIN,67.2,106
2023,9229,Anthony Richardson,QB,IND,67.15,37
2023,10919,Sydney Brown,DB,ATL,66.97,107
2023,4074,Malik Hooker,DB,DAL,66.5,108
2023,5193,J.C. Jackson,DB,,66.22,109
2023,10213,Tre Tucker,WR,LV,65.9,87
2023,5882,Taylor Rapp,DB,,65.4,110
2023,4158,Eddie Jackson,DB,,65.17,111
2023,4133,John Johnson,DB,,65.1,112
2023,3269,Chris Moore,WR,BAL,64.86,88
2023,5031,Oren Burks,LB,CIN,64.78,107
2023,4093,Marcus Maye,DB,,64.65,113
2023,6003,Anthony Nelson,LB,TB,64.5,108
2023,7090,Darnell Mooney,WR,NYG,64.5,89
2023,6865,Colby Parkinson,TE,LAR,64.34,38
2023,8373,Jaylen Watson,DB,LAR,64.0,114
2023,11052,Jaylon Jones,DB,IND,64.0,114
2023,7788,Victor Dimukeje,LB,,64.0,109
2023,3341,DeAndre Houston-Carson,DB,,63.83,116
2023,6416,Andrew Wingard,DB,ARI,63.5,117
2023,8756,Brandon Johnson,WR,LV,63.5,90
2023,8517,Rodney Thomas,LB,SEA,63.12,110
2023,7694,Tommy Tremble,TE,CAR,63.1,39
2023,10985,Jordan Howden,DB,NO,63.0,118
2023,3222,Deion Jones,LB,,63.0,111
2023,10225,Jonathan Mingo,WR,DAL,62.5,91
2023,6210,Darnell Savage,DB,PIT,62.5,119
2023,5695,Brandon Powell,WR,,61.76,92
2023,8269,Jordan Davis,DL,PHI,61.75,16
2023,6869,Adam Trautman,TE,DEN,61.7,40
2023,4080,Zay Jones,WR,,60.7,93
2023,4149,Jamaal Williams,RB,,60.6,61
2023,11292,Tommy DeVito,QB,NE,60.35,38
2023,8481,Ja'Sir Taylor,DB,CIN,60.2,120
2023,4198,Jamal Agnew,WR,,60.2,94
2023,8116,Pierre Strong,RB,GB,60.1,62
2023,8310,Cor'Dale Flott,DB,TEN,59.52,121
2023,2711,Taylor Heinicke,QB,,59.5,39
2023,10234,Derius Davis,WR,LAC,59.46,95
2023,10889,Tyree Wilson,LB,NO,59.25,112
2023,2363,Markus Golden,LB,,59.0,113
2023,10936,Ji'Ayir Brown,DB,SF,59.0,122
2023,7571,Rashod Bateman,WR,BAL,58.9,96
2023,4203,Anthony Walker,LB,,58.5,114
2023,5906,Dawson Knox,TE,BUF,57.9,41
2023,8368,Sam Williams,DL,DAL,57.75,17
2023,5973,Josh Oliver,TE,MIN,57.6,42
2023,5519,Tavierre Thomas,DB,MIN,57.5,123
2023,8381,Cobie Durant,DB,DAL,57.0,124
2023,5113,Cedrick Wilson,WR,DET,56.6,97
2023,8125,Calvin Austin,WR,NYG,56.56,98
2023,8395,Dane Belton,DB,NYJ,56.1,125
2023,6185,Easton Stick,QB,IND,55.95,40
2023,8400,Travis Jones,DL,BAL,55.75,18
2023,2319,DeVante Parker,WR,,55.6,99
2023,10863,A.T. Perry,WR,PIT,55.4,100
2023,1837,Jimmy Garoppolo,QB,,55.35,41
2023,4099,Duke Riley,LB,,55.25,115
2023,2679,Dean Marlowe,DB,,55.0,126
2023,6598,Trenton Irwin,WR,,54.84,101
2023,5046,Royce Freeman,RB,,54.8,63
2023,7568,Brevin Jordan,TE,HOU,54.7,43
2023,9497,Jalin Hyatt,WR,NYG,54.5,102
2023,1339,Zach Ertz,TE,,54.0,44
2023,8225,Daniel Bellinger,TE,TEN,54.0,44
2023,8795,D'Anthony Bell,DB,SEA,53.7,127
2023,3202,Austin Hooper,TE,ATL,53.4,46
2023,1049,Ryan Tannehill,QB,,53.2,42
2023,503,Graham Gano,K,,53.0,33
2023,9224,Chase Brown,RB,CIN,52.76,64
2023,6815,Zack Baun,LB,PHI,52.75,116
2023,6001,Drew Sample,TE,CIN,51.6,47
2023,7561,Elijah Mitchell,RB,PHI,51.4,65
2023,10940,Nick Herbig,LB,PIT,51.0,117
2023,3303,Matthew Judon,LB,,51.0,117
2023,4054,Mo Alie-Cox,TE,IND,50.8,48
2023,10899,Gervon Dexter,DL,CHI,50.25,19
2023,8305,Montaric Brown,DB,JAX,50.0,128
2023,2308,Dante Fowler,LB,SEA,50.0,119
2023,8253,Deven Thompkins,WR,,49.94,103
2023,4191,Matt Milano,LB,,49.9,120
2023,11256,Tyson Bagent,QB,CHI,49.85,43
2023,2352,Eric Rowe,DB,,49.62,129
2023,8117,Jalen Tolbert,WR,MIA,49.1,104
2023,7607,Michael Carter,RB,TEN,48.9,66
2023,10867,Jake Bobo,WR,SEA,48.6,105
2023,8408,Jordan Mason,RB,MIN,48.5,67
2023,7012,Mykal Walker,LB,NYJ,48.25,121
2023,5985,Foster Moreau,TE,HOU,48.2,49
2023,5185,Allen Lazard,WR,,47.8,106
2023,6920,Isaiah Hodgins,WR,NYG,47.4,107
2023,4040,JuJu Smith-Schuster,WR,NYG,46.6,108
2023,6234,Deonte Harty,WR,,46.6,108
2023,8386,Damarri Mathis,DB,CLE,46.5,130
2023,11352,Ronnie Hickman,DB,CLE,46.25,131
2023,4443,Pharaoh Brown,TE,,46.0,50
2023,10963,Jakorian Bennett,DB,PHI,46.0,132
2023,5025,Ronnie Harrison,DB,MIA,45.62,133
2023,4973,Hayden Hurst,TE,,45.6,51
2023,4068,Mike Williams,WR,,45.4,110
2023,5086,Marquez Valdes-Scantling,WR,DAL,45.4,110
2023,10949,Chamarri Conner,DB,KC,45.1,134
2023,6938,Cam Akers,RB,,45.1,68
2023,7224,Sam Franklin,DB,BUF,44.98,135
2023,8168,Skyy Moore,WR,GB,44.9,112
2023,8181,Connor Heyward,TE,LV,44.8,52
2023,1992,Allen Robinson,WR,,44.6,113
2023,10923,Dorian Williams,LB,BUF,44.5,122
2023,5061,Uchenna Nwosu,LB,SEA,44.0,123
2023,4455,Matt Breida,RB,,43.7,69
2023,5674,Andre Chachere,DB,,43.5,136
2023,8358,Josh Paschal,DL,,43.5,20
2023,4314,Johnny Mundt,TE,PHI,43.5,53
2023,4972,Mason Rudolph,QB,PIT,43.45,44
2023,7841,Jamien Sherwood,LB,NYJ,43.0,124
2023,10220,Will Mallory,TE,IND,42.9,54
2023,1535,Cordarrelle Patterson,RB,,42.62,70
2023,8267,Nakobe Dean,LB,LV,42.25,125
2023,5916,Darrell Henderson,RB,,42.1,71
2023,10904,Keion White,DL,SF,42.0,21
2023,5010,Will Dissly,TE,,42.0,55
2023,8392,Nick Cross,DB,WAS,41.95,137
2023,10219,Chris Rodriguez,RB,JAX,41.8,72
2023,8118,David Bell,WR,,41.8,114
2023,4980,Leighton Vander Esch,LB,,41.77,126
2023,7653,Azeez Ojulari,LB,ATL,41.75,127
2023,7049,Jauan Jennings,WR,MIN,41.6,115
2023,8157,Bailey Zappe,QB,NYJ,41.6,45
2023,10226,Andrei Iosivas,WR,CIN,41.6,115
2023,3976,Mitchell Trubisky,QB,TEN,41.6,45
2023,8204,Bo Melton,WR,GB,41.6,115
2023,1366,Duron Harmon,DB,,41.5,138
2023,9757,Kendre Miller,RB,NO,41.4,73
2023,7559,Ihmir Smith-Marsette,WR,ARI,41.38,118
2023,6850,Harrison Bryant,TE,,41.1,56
2023,5938,Lil'Jordan Humphrey,WR,DEN,40.9,119
2023,10974,Antonio Johnson,DB,JAX,40.75,139
2023,5096,Ray-Ray McCloud,WR,,40.72,120
2023,7606,Kadarius Toney,WR,,40.02,121
2023,8525,Mark Robinson,LB,,39.5,128
2023,5843,Devin Bush,LB,CHI,39.5,128
2023,10231,Elijah Higgins,TE,ARI,39.4,57
2023,10932,Garrett Williams,DB,ARI,39.0,140
2023,2445,Adrian Amos,DB,,39.0,140
2023,8763,Trenton Thompson,DB,,38.65,142
2023,11036,Anthony Johnson,DB,CHI,38.52,143
2023,10881,Christian Gonzalez,DB,NE,38.5,144
2023,7016,Jeremy Chinn,DB,LV,38.5,144
2023,6694,D'Ernest Johnson,RB,,38.44,74
2023,6039,Ty Johnson,RB,BUF,38.14,75
2023,10875,Myles Murphy,DL,CIN,38.0,22
2023,4029,Dalvin Cook,RB,,37.9,76
2023,8489,Drew Ogletree,TE,IND,37.8,58
2023,5691,Mike Ford,DB,ATL,37.75,146
2023,5000,Chase Edmonds,RB,,37.7,77
2023,11050,DeMarcco Hellams,DB,ATL,37.5,147
2023,2410,Jamison Crowder,WR,,37.42,122
2023,7807,Nick Niemann,LB,GB,37.1,130
2023,7716,John Bates,TE,WAS,37.1,59
2023,5284,Jeff Wilson,RB,,37.0,78
2023,6126,Irv Smith,TE,,36.7,60
2023,9487,Parker Washington,WR,JAX,36.68,123
2023,6921,Josh Uche,LB,MIA,36.5,131
2023,6800,K'Lavon Chaisson,LB,WAS,36.5,131
2023,6323,Andrew Beck,RB,NYJ,36.46,79
2023,6659,Craig Reynolds,RB,,36.02,80
2023,8282,Delarrin Turner-Yell,DB,,36.0,148
2023,3433,Alex Erickson,WR,,35.6,124
2023,6918,Salvon Ahmed,RB,CHI,35.5,81
2023,10962,Kelee Ringo,DB,PHI,35.5,149
2023,7587,Dyami Brown,WR,WAS,35.4,125
2023,8583,Stone Smartt,TE,PHI,35.4,61
2023,8360,Logan Hall,DL,HOU,35.25,23
2023,8383,Cameron Thomas,DL,ATL,35.05,24
2023,8509,Elijah Hicks,DB,CHI,35.0,150
2023,5955,Hunter Renfrow,WR,,35.0,126
2023,6290,Scotty Miller,WR,CHI,34.72,127
2023,5893,C.J. Gardner-Johnson,DB,BUF,34.5,151
2023,8519,Deane Leonard,DB,LAC,34.5,151
2023,5860,Johnathan Abram,DB,,34.5,151
2023,616,Jimmy Graham,TE,,34.3,62
2023,10221,Ronnie Bell,WR,NO,34.2,128
2023,6271,Olamide Zaccheaus,WR,ATL,34.18,129
2023,2359,Ameer Abdullah,RB,JAX,34.1,82
2023,8316,Micheal Clemons,DL,IND,33.75,25
2023,9490,Tyler Scott,WR,LAR,33.72,130
2023,7836,Tony Fields,LB,CHI,33.5,133
2023,8306,John Ridgeway,DL,NO,33.5,26
2023,10988,Cameron Mitchell,DB,IND,33.5,154
2023,4177,Mack Hollins,WR,NE,33.3,131
2023,6798,Jalen Reagor,WR,MIA,33.24,132
2023,8275,Josh Jobe,DB,SEA,33.0,155
2023,6931,DeeJay Dallas,RB,JAX,32.8,83
2023,5199,Byron Pringle,WR,,32.74,133
2023,9225,Tank Bigsby,RB,PHI,32.66,84
2023,5870,Daniel Jones,QB,IND,32.65,47
2023,8145,Jeremy Ruckert,TE,NYJ,32.5,63
2023,7827,Darrick Forrest,DB,SF,32.5,156
2023,8838,Isaiah Pola-Mao,DB,LV,32.5,156
2023,8397,Juanyeh Thomas,DB,IND,32.5,156
2023,6984,Tony Jones,RB,,32.1,85
2023,8255,Raheem Blackshear,RB,,32.1,85
2023,5920,Will Harris,DB,WAS,32.08,159
2023,7842,Luke Farrell,TE,SF,31.7,64
2023,10444,Cedric Tillman,WR,CLE,31.7,134
2023,8839,Luke Masterson,LB,,31.5,134
2023,8710,Jack Cochrane,LB,KC,31.5,134
2023,6853,Van Jefferson,WR,WAS,31.4,135
2023,8135,Treylon Burks,WR,WAS,31.3,136
2023,5773,KhaDarel Hodge,WR,,30.9,137
2023,5137,Richie James,WR,,30.88,138
2023,1099,Randy Bullock,K,,30.0,34
2023,8351,Drake Jackson,DL,WAS,30.0,27
2023,3502,Romeo Okwara,LB,,30.0,136
2023,947,Julio Jones,WR,,29.8,139
2023,5032,Jordan Akins,TE,,29.7,65
2023,8620,Segun Olubi,LB,LV,29.65,137
2023,4075,Charles Harris,LB,,29.25,138
2023,7064,Darrynton Evans,RB,,29.0,87
2023,10214,Davis Allen,TE,LAR,29.0,66
2023,3192,Artie Burns,DB,,29.0,160
2023,7891,Brock Wright,TE,DET,28.8,67
2023,6927,Quez Watkins,WR,PHI,28.14,140
2023,6963,Patrick Taylor,RB,SF,28.1,88
2023,7617,Matt Ammendola,K,,28.0,35
2023,6847,Devin Duvernay,WR,ARI,27.86,141
2023,10924,Zacch Pickens,DL,NYG,27.75,28
2023,2446,MyCole Pruitt,TE,,27.6,68
2023,5055,M.J. Stewart,DB,HOU,27.5,161
2023,10929,Drew Sanders,LB,DEN,27.5,139
2023,4988,Nick Chubb,RB,,27.5,89
2023,1205,Rodney McLeod,DB,,27.5,161
2023,3166,Myles Jack,LB,,27.5,139
2023,2750,DeAndre Carter,WR,,27.36,142
2023,10871,Luke Schoonmaker,TE,DAL,27.2,69
2023,10212,Josh Whyle,TE,GB,27.0,70
2023,8319,DeMarvin Leal,DL,,27.0,29
2023,8223,Velus Jones,WR,SEA,26.9,143
2023,10228,Charlie Jones,WR,CIN,26.62,144
2023,3161,Carson Wentz,QB,MIN,26.05,48
2023,7188,Tyler Hall,DB,,26.0,163
2023,8295,Zach Carter,DL,ARI,26.0,30
2023,8496,Theo Jackson,DB,MIN,26.0,163
2023,6970,Stephen Sullivan,TE,,25.8,71
2023,6824,Donovan Peoples-Jones,WR,,25.56,145
2023,10926,Marte Mapu,DB,HOU,25.5,165
2023,5880,Parris Campbell,WR,,25.04,146
2023,6941,Troy Dye,LB,LAC,25.0,141
2023,3257,Jacoby Brissett,QB,ARI,24.9,49
2023,8249,Lucas Krull,TE,DEN,24.7,72
2023,11210,Malik Heath,WR,ATL,24.54,147
2023,4197,Isaiah McKenzie,WR,,24.54,147
2023,6348,Del'Shawn Phillips,LB,LAC,24.5,142
2023,10877,Mazi Smith,DL,NYJ,24.5,31
2023,8127,Charlie Kolar,TE,LAC,24.5,73
2023,829,Andy Dalton,QB,PHI,24.25,50
2023,4602,Robert Tonyan,TE,PIT,24.1,74
2023,5340,Andre Smith,LB,,24.0,143
2023,6851,Julian Okwara,LB,CLE,24.0,143
2023,8293,Coby Bryant,DB,CHI,24.0,166
2023,5230,Michael Badgley,K,,24.0,36
2023,6076,Justin Hollins,LB,,24.0,143
2023,5854,Drew Lock,QB,SEA,23.95,51
2023,8214,Cole Turner,TE,MIA,23.9,75
2023,6144,Trayveon Williams,RB,,23.8,90
2023,8414,Britain Covey,WR,PHI,23.6,149
2023,8171,Kyle Philips,WR,,23.54,150
2023,6610,Demetrius Flannigan-Fowles,LB,BUF,23.5,146
2023,6928,Kindle Vildor,DB,NE,23.5,167
2023,6814,Laviska Shenault,WR,,23.38,151
2023,59,Mason Crosby,K,,23.0,37
2023,7565,Terrace Marshall,WR,MIA,23.0,152
2023,7036,Terrell Burgess,DB,NO,23.0,168
2023,6136,Jarrett Stidham,QB,DEN,22.8,52
2023,8147,John Metchie,WR,CAR,22.7,153
2023,7970,Ar'Darius Washington,DB,NYG,22.5,169
2023,8331,Otito Ogbonnia,DL,DAL,22.5,32
2023,8174,Kevin Harris,RB,,22.4,91
2023,5122,Boston Scott,RB,,22.2,92
2023,7593,Trey Sermon,RB,,22.0,93
2023,3272,Miles Killebrew,DB,TB,22.0,170
2023,8334,Malcolm Rodriguez,LB,DET,22.0,147
2023,7083,Tyler Huntley,QB,BAL,21.95,53
2023,1216,Justin Bethel,DB,,21.75,171
2023,5890,Damien Harris,RB,,21.74,94
2023,3423,Robbie Chosen,WR,,21.7,154
2023,4854,River Cracraft,WR,,21.7,154
2023,5917,Mecole Hardman,WR,BUF,21.3,156
2023,8188,Tyquan Thornton,WR,KC,21.2,157
2023,6909,Lynn Bowden,WR,,21.08,158
2023,7815,K.J. Britt,LB,NE,21.0,148
2023,7051,Grayland Arnold,DB,,21.0,172
2023,2460,C.J. Uzomah,TE,,21.0,76
2023,8195,Ronnie Rivers,RB,LAR,20.94,95
2023,4163,Jalen Reeves-Maybin,LB,,20.55,149
2023,2320,Melvin Gordon,RB,,20.5,96
2023,10873,Nolan Smith,LB,PHI,20.5,150
2023,8003,Dicaprio Bootle,DB,,20.5,173
2023,6867,Malik Harrison,LB,PIT,20.5,150
2023,4274,David Moore,WR,CAR,20.4,159
2023,2545,Geoff Swaim,TE,,20.4,77
2023,8262,DJ Davidson,DL,WAS,20.25,33
2023,7709,Rashad Weaver,LB,,20.0,152
2023,8327,Amare Barno,DL,,20.0,34
2023,4413,Eric Wilson,LB,MIN,20.0,152
2023,7921,Christian Elliss,LB,NE,20.0,152
2023,8388,Troy Andersen,LB,ATL,19.75,155
2023,11027,Alex Austin,DB,MIA,19.5,174
2023,4943,Sam Darnold,QB,SEA,19.35,54
2023,8153,Isaiah Spiller,RB,,19.1,97
2023,10958,Dylan Horton,DL,HOU,19.0,35
2023,5154,Trent Sherfield,WR,BUF,19.0,160
2023,6421,Jalen Guyton,WR,,18.9,161
2023,1141,Melvin Ingram,LB,,18.75,156
2023,6860,Akeem Davis-Gaither,LB,IND,18.5,157
2023,6886,Chase Claypool,WR,,18.4,162
2023,8296,Kaiir Elam,DB,KC,18.0,175
2023,6353,Troy Reeder,LB,,18.0,158
2023,7683,Monty Rice,LB,,18.0,158
2023,11315,Cam Jones,LB,NYG,18.0,158
2023,878,Justin Houston,DL,,17.75,36
2023,4127,C.J. Beathard,QB,,17.65,55
2023,10218,Xavier Hutchinson,WR,HOU,17.6,163
2023,7688,Ronnie Perkins,LB,,17.5,161
2023,2399,Ty Montgomery,RB,,17.46,98
2023,5424,Tony Brown,DB,,17.35,176
2023,10935,Trenton Simpson,LB,BAL,17.25,162
2023,7720,Kene Nwangwu,RB,NYJ,17.0,99
2023,5883,Lonnie Johnson,DB,MIA,17.0,177
2023,7757,Ben Skowronek,WR,PIT,16.9,164
2023,8391,Dominique Robinson,DL,HOU,16.75,37
2023,8013,Tim Jones,WR,JAX,16.7,165
2023,5534,Elijah Campbell,DB,NYG,16.5,178
2023,9480,Brenton Strange,TE,JAX,16.5,78
2023,8274,LaBryan Ray,DL,CAR,16.5,38
2023,7406,Elijah Riley,DB,,16.5,178
2023,3200,Sterling Shepard,WR,,16.3,166
2023,10957,Adetomiwa Adebawore,DL,IND,16.25,39
2023,11003,Amari Burney,LB,,16.0,163
2023,11429,Kaevon Merriweather,DB,HOU,16.0,180
2023,8207,Tyler Goodson,RB,ATL,15.8,100
2023,9227,Israel Abanikanda,RB,DAL,15.54,101
2023,10943,Isaiah McGuire,DL,CLE,15.5,40
2023,8869,J.J. Russell,LB,,15.5,164
2023,8287,David Ojabo,DL,MIA,15.5,40
2023,11454,Otis Reese,LB,NE,15.5,164
2023,7746,Austin Trammell,WR,JAX,15.36,167
2023,7050,Josiah Deguara,TE,,15.2,79
2023,11311,Jason Brownlee,WR,KC,15.1,168
2023,8221,Keaontay Ingram,RB,,15.1,102
2023,8371,Chad Muma,LB,NE,15.0,166
2023,8328,Nephi Sewell,LB,CHI,15.0,166
2023,6894,Mitchell Wilcox,TE,,14.7,80
2023,6699,Gunner Olszewski,WR,NYG,14.6,169
2023,10223,Eric Gray,RB,NYG,14.54,103
2023,8297,Jeremiah Moon,LB,,14.5,168
2023,2287,Adrian Phillips,DB,,14.5,181
2023,1367,Logan Ryan,DB,,14.5,181
2023,6216,Ugo Amadi,DB,,14.5,181
2023,6908,La'Mical Perine,RB,,14.4,104
2023,9479,Darnell Washington,TE,PIT,14.4,81
2023,7536,Quintin Morris,TE,JAX,14.4,81
2023,6289,Duke Shelley,DB,,14.22,184
2023,928,Randall Cobb,WR,,13.9,170
2023,9505,Deuce Vaughn,RB,,13.86,105
2023,6926,Brycen Hopkins,TE,,13.8,83
2023,11435,Emanuel Wilson,RB,SEA,13.8,106
2023,7106,Lawrence Cager,TE,WAS,13.7,84
2023,7595,Tylan Wallace,WR,CLE,13.62,171
2023,7585,Davis Mills,QB,HOU,13.55,56
2023,3268,Eric Murray,DB,JAX,13.5,185
2023,11370,Chris Brooks,RB,GB,13.5,107
2023,10938,D.J. Johnson,LB,WAS,13.0,169
2023,7451,Cam Gill,LB,CAR,13.0,169
2023,10862,Dorian Thompson-Robinson,QB,,13.0,57
2023,8683,Joey Blount,DB,ARI,13.0,186
2023,8300,Andrew Booth,DB,,13.0,186
2023,111,Marcedes Lewis,TE,,13.0,85
2023,2549,Trevor Siemian,QB,ATL,12.9,58
2023,4718,Dare Ogunbowale,RB,,12.9,108
2023,6453,D.J. Montgomery,WR,,12.8,172
2023,11082,Ben Sims,TE,MIA,12.7,86
2023,1346,Marquise Goodwin,WR,,12.5,173
2023,10969,Owen Pappoe,LB,ARI,12.5,171
2023,10986,Jammie Robinson,DB,ATL,12.5,188
2023,10914,Daiyan Henley,LB,LAC,12.5,171
2023,8235,Samori Toure,WR,PHI,12.5,173
2023,5209,Mike Boone,RB,,12.24,109
2023,10980,SirVocea Dennis,LB,TB,12.0,173
2023,10227,Payne Durham,TE,TB,11.8,87
2023,5134,Keith Kirkwood,WR,,11.7,175
2023,1034,Brandon Bolden,RB,,11.5,110
2023,10909,Isaiah Foskey,DL,CIN,11.5,42
2023,6806,J.K. Dobbins,RB,DEN,11.3,111
2023,5220,Godwin Igwebuike,RB,,11.28,112
2023,8367,D'Marco Jackson,LB,CHI,11.2,174
2023,2422,Blake Bell,TE,,11.1,88
2023,7529,Gary Brightwell,RB,CIN,11.0,113
2023,11258,Jalen Harris,DL,,11.0,43
2023,8615,Tayler Hawkins,DB,,11.0,189
2023,3362,Jeff Driskel,QB,,10.7,59
2023,4995,Ian Thomas,TE,LV,10.6,89
2023,7120,Trevis Gipson,LB,CAR,10.5,175
2023,8532,Mike Brown,DB,NE,10.5,190
2023,8197,Peyton Hendershot,TE,,10.5,90
2023,5345,Matthew Adams,LB,,10.5,175
2023,8322,Jesse Luketa,LB,NE,10.5,175
2023,11514,Isaiah Land,LB,DAL,10.5,175
2023,7776,Israel Mukuamu,DB,,10.43,191
2023,1565,Cody Davis,DB,,10.03,192
2023,2330,Shaq Thompson,LB,,10.0,179
2023,8291,Myjai Sanders,DL,,10.0,44
2023,11290,Alex Cook,DB,,10.0,193
2023,7750,Grant Stuard,LB,LAR,10.0,179
2023,7946,Jack Stoll,TE,CLE,9.8,91
2023,7612,Dee Eskridge,WR,,9.66,176
2023,2307,Marcus Mariota,QB,WAS,9.6,60
2023,8349,Jake Hansen,LB,HOU,9.5,181
2023,11017,Dee Winters,LB,DAL,9.5,181
2023,6307,Jordan Kunaszyk,LB,,9.5,181
2023,8359,Marcus Jones,DB,NE,9.34,194
2023,5161,Ezekiel Turner,LB,,9.3,184
2023,11371,Julian Hill,TE,NE,9.2,92
2023,8177,Grant Calcaterra,TE,PHI,9.0,93
2023,10966,Robert Beal,LB,MIA,9.0,185
2023,8284,Vincent Gray,DB,,9.0,195
2023,8288,Christopher Hinton,DL,,9.0,45
2023,8273,Phidarian Mathis,DL,BUF,9.0,45
2023,11096,TK McLendon,DL,,9.0,45
2023,11034,Jalen Brooks,WR,ARI,8.8,177
2023,6402,Steven Sims,WR,,8.7,178
2023,2306,Jameis Winston,QB,NYG,8.7,61
2023,4335,P.J. Walker,QB,,8.6,62
2023,2381,Chris Conley,WR,,8.6,179
2023,3284,Deon Bush,DB,,8.5,196
2023,7721,Chris Rumph,LB,NO,8.5,186
2023,1242,Bruce Irvin,LB,,8.5,186
2023,11035,Jordon Riley,DL,GB,8.5,48
2023,4978,Rashaan Evans,LB,,8.5,186
2023,7936,Amen Ogbongbemiga,LB,,8.5,186
2023,6222,Ka'dar Hollman,DB,,8.5,196
2023,6878,Anthony McFarland,RB,,8.46,114
2023,5323,Equanimeous St. Brown,WR,,8.2,180
2023,9495,Rakim Jarrett,WR,,8.2,180
2023,11150,Quindell Johnson,DB,,8.0,198
2023,7844,Sam Kamara,LB,CLE,8.0,190
2023,7821,Garret Wallow,LB,SF,8.0,190
2023,8140,Justyn Ross,WR,,7.7,182
2023,6885,Ke'Shawn Vaughn,RB,,7.6,115
2023,6960,Tyler Johnson,WR,DAL,7.6,183
2023,8733,Jake Hummel,LB,HOU,7.5,192
2023,8375,Kalia Davis,DL,CLE,7.5,49
2023,11273,Ben VanSumeren,LB,BUF,7.5,192
2023,10984,Noah Sewell,LB,CHI,7.5,192
2023,8313,JT Woods,DB,,7.5,199
2023,1833,Damien Williams,RB,,7.4,116
2023,7812,Simi Fehoko,WR,ARI,7.3,184
2023,8484,Ko Kieft,TE,TB,7.1,94
2023,7957,Jon Rhattigan,LB,CHI,7.0,195
2023,8542,Tristin McCollum,DB,LV,7.0,200
2023,7989,DJ Turner,WR,,7.0,185
2023,6957,James Proche,WR,,6.64,186
2023,871,Von Miller,LB,,6.5,196
2023,8635,Chandler Wooten,LB,,6.5,196
2023,3605,Matthias Farley,DB,,6.5,201
2023,7075,Charlie Woerner,TE,ATL,6.4,95
2023,11433,Nate Adkins,TE,DEN,6.3,96
2023,8172,Greg Dulcich,TE,MIA,6.2,97
2023,8227,Teagan Quitoriano,TE,ARI,6.1,98
2023,10925,Byron Young,DL,PHI,6.0,50
2023,11040,Jason Taylor,DB,,6.0,202
2023,10973,Nick Hampton,LB,CAR,6.0,198
2023,3969,Leonard Fournette,RB,,5.88,117
2023,6032,Keelan Doss,WR,,5.7,187
2023,9506,Sean Tucker,RB,TB,5.5,118
2023,10990,Darius Rush,DB,WAS,5.5,203
2023,5830,Sam Eguavoen,LB,,5.5,199
2023,8578,Raheem Layne,DB,NYG,5.5,203
2023,8298,Mario Goodrich,DB,,5.5,203
2023,3048,Chris Manhertz,TE,NYG,5.44,99
2023,4218,Trent Taylor,WR,,5.42,188
2023,7944,Michael Strachan,WR,,5.4,189
2023,4985,Rashaad Penny,RB,,5.3,119
2023,8170,James Mitchell,TE,CAR,5.1,100
2023,7597,Kenny Yeboah,TE,ARI,5.1,100
2023,11139,Elijah Cooks,WR,,5.0,190
2023,7436,Mason Kinsey,WR,TEN,5.0,190
